seller_name,Sum of sales_amount
Vendeur 25,2631451
Vendeur 131,1988400
Vendeur 10,718748
Vendeur 6,513803
Vendeur 65,473180
Vendeur 9,451671
Vendeur 214,354761
Vendeur 114,334600
Vendeur 683,299253
Vendeur 41,286444
Vendeur 12,278795
Vendeur 218,267350
Vendeur 139,249150
Vendeur 11,247561
Vendeur 84,243396
Vendeur 50,217381
Vendeur 24,199221
Vendeur 7,183527
Vendeur 40,181254
Vendeur 28,170519
Vendeur 129,167510
Vendeur 92,160954
Vendeur 152,159718
Vendeur 163,159149
Vendeur 81,158839
Vendeur 127,157102
Vendeur 248,155403
Vendeur 98,152022
Vendeur 204,147433
Vendeur 367,146146
Vendeur 392,145972
Vendeur 458,145956
Vendeur 42,145409
Vendeur 500,133154
Vendeur 246,130989
Vendeur 49,130164
Vendeur 76,128433
Vendeur 219,128233
Vendeur 58,126317
Vendeur 177,120996
Vendeur 35,118451
Vendeur 217,115411
Vendeur 31,110387
Vendeur 137,105896
Vendeur 198,103939
Vendeur 94,101743
Vendeur 527,100763
Vendeur 16,98402
Vendeur 594,97571
Vendeur 19,96776
Vendeur 368,96688
Vendeur 570,96631
Vendeur 244,96215
Vendeur 141,94673
Vendeur 279,91830
Vendeur 446,91514
Vendeur 148,87107
Vendeur 861,86893
Vendeur 96,84640
Vendeur 499,83880
Vendeur 285,83542
Vendeur 101,83475
Vendeur 257,82556
Vendeur 523,82446
Vendeur 213,81403
Vendeur 172,79732
Vendeur 351,79674
Vendeur 370,78925
Vendeur 412,78179
Vendeur 573,77228
Vendeur 544,75397
Vendeur 332,74307
Vendeur 160,73828
Vendeur 658,72548
Vendeur 605,72170
Vendeur 233,70307
Vendeur 547,70075
Vendeur 273,69548
Vendeur 399,68966
Vendeur 344,68657
Vendeur 142,67742
Vendeur 56,67627
Vendeur 207,66988
Vendeur 264,66503
Vendeur 8,64649
Vendeur 51,64084
Vendeur 361,64005
Vendeur 270,62780
Vendeur 793,62162
Vendeur 231,62102
Vendeur 37,61881
Vendeur 73,61598
Vendeur 38,59897
Vendeur 245,59892
Vendeur 178,59809
Vendeur 490,59149
Vendeur 77,58187
Vendeur 522,56781
Vendeur 990,56738
Vendeur 149,55747
Vendeur 66,55662
Vendeur 226,55144
Vendeur 167,55132
Vendeur 287,54128
Vendeur 205,53783
Vendeur 68,53382
Vendeur 304,53128
Vendeur 402,52990
Vendeur 545,52589
Vendeur 228,51240
Vendeur 558,51227
Vendeur 196,51046
Vendeur 143,50596
Vendeur 716,50540
Vendeur 734,49911
Vendeur 97,49765
Vendeur 432,49481
Vendeur 488,49152
Vendeur 55,48920
Vendeur 441,48703
Vendeur 165,48393
Vendeur 232,48238
Vendeur 105,48107
Vendeur 95,47803
Vendeur 623,47789
Vendeur 621,47646
Vendeur 252,47621
Vendeur 473,47427
Vendeur 492,47084
Vendeur 1050,47067
Vendeur 682,47029
Vendeur 199,46904
Vendeur 70,46516
Vendeur 581,45965
Vendeur 583,45678
Vendeur 44,45564
Vendeur 118,45508
Vendeur 501,45461
Vendeur 348,45354
Vendeur 308,45314
Vendeur 48,44798
Vendeur 108,44638
Vendeur 60,44622
Vendeur 940,44613
Vendeur 280,44203
Vendeur 134,43908
Vendeur 663,43845
Vendeur 379,43601
Vendeur 588,43298
Vendeur 756,43064
Vendeur 444,43051
Vendeur 415,42991
Vendeur 798,42667
Vendeur 110,42617
Vendeur 238,42505
Vendeur 1178,42257
Vendeur 271,42188
Vendeur 390,42071
Vendeur 209,41839
Vendeur 1202,41821
Vendeur 162,41792
Vendeur 519,41661
Vendeur 281,41546
Vendeur 653,41357
Vendeur 17,41176
Vendeur 498,41065
Vendeur 151,40799
Vendeur 57,40449
Vendeur 554,39840
Vendeur 645,39687
Vendeur 135,38754
Vendeur 82,38561
Vendeur 290,38555
Vendeur 223,38408
Vendeur 158,38070
Vendeur 1270,37865
Vendeur 421,37844
Vendeur 69,37447
Vendeur 183,36660
Vendeur 622,36601
Vendeur 560,36595
Vendeur 899,36451
Vendeur 67,36313
Vendeur 208,36241
Vendeur 463,36190
Vendeur 295,35717
Vendeur 730,35448
Vendeur 78,35421
Vendeur 587,34968
Vendeur 655,34952
Vendeur 267,34903
Vendeur 174,34761
Vendeur 309,34729
Vendeur 33,34542
Vendeur 1046,34455
Vendeur 116,34360
Vendeur 362,34326
Vendeur 220,34321
Vendeur 189,34319
Vendeur 539,33938
Vendeur 112,33885
Vendeur 121,33853
Vendeur 417,33696
Vendeur 740,33665
Vendeur 126,33628
Vendeur 282,33402
Vendeur 812,33215
Vendeur 62,33207
Vendeur 551,33159
Vendeur 525,33158
Vendeur 386,32896
Vendeur 1063,32678
Vendeur 171,32669
Vendeur 642,32597
Vendeur 383,32380
Vendeur 985,32212
Vendeur 563,31991
Vendeur 29,31887
Vendeur 984,31855
Vendeur 833,31805
Vendeur 635,31698
Vendeur 448,31434
Vendeur 319,31342
Vendeur 405,31262
Vendeur 117,31255
Vendeur 150,31118
Vendeur 910,31086
Vendeur 194,31075
Vendeur 318,31025
Vendeur 489,30353
Vendeur 353,30168
Vendeur 240,29724
Vendeur 144,29617
Vendeur 396,29379
Vendeur 625,29284
Vendeur 365,29228
Vendeur 326,29148
Vendeur 320,28853
Vendeur 879,28656
Vendeur 615,28618
Vendeur 472,28480
Vendeur 93,28406
Vendeur 987,28389
Vendeur 796,28373
Vendeur 438,28209
Vendeur 297,28192
Vendeur 337,27971
Vendeur 924,27954
Vendeur 553,27855
Vendeur 550,27774
Vendeur 260,27536
Vendeur 795,27190
Vendeur 704,26975
Vendeur 454,26923
Vendeur 546,26915
Vendeur 170,26911
Vendeur 46,26873
Vendeur 679,26840
Vendeur 977,26737
Vendeur 646,26720
Vendeur 425,26696
Vendeur 860,26587
Vendeur 227,26571
Vendeur 419,26172
Vendeur 305,25974
Vendeur 680,25950
Vendeur 221,25828
Vendeur 1208,25822
Vendeur 259,25812
Vendeur 946,25806
Vendeur 184,25660
Vendeur 510,25359
Vendeur 26,25145
Vendeur 366,25068
Vendeur 1742,25053
Vendeur 862,25042
Vendeur 661,25003
Vendeur 1816,24605
Vendeur 1153,24539
Vendeur 430,24390
Vendeur 249,24331
Vendeur 236,24085
Vendeur 445,24023
Vendeur 242,23827
Vendeur 255,23774
Vendeur 381,23368
Vendeur 375,23281
Vendeur 389,23249
Vendeur 377,23229
Vendeur 34,23157
Vendeur 726,23091
Vendeur 556,23025
Vendeur 825,22985
Vendeur 407,22919
Vendeur 451,22918
Vendeur 859,22881
Vendeur 630,22817
Vendeur 1,22570
Vendeur 507,22566
Vendeur 1378,22563
Vendeur 891,22492
Vendeur 27,22234
Vendeur 180,22231
Vendeur 818,22098
Vendeur 298,22078
Vendeur 777,22013
Vendeur 911,21987
Vendeur 966,21962
Vendeur 1073,21925
Vendeur 398,21853
Vendeur 619,21798
Vendeur 384,21733
Vendeur 536,21588
Vendeur 179,21514
Vendeur 1393,21468
Vendeur 311,21413
Vendeur 1058,21379
Vendeur 901,21379
Vendeur 1231,21371
Vendeur 373,21368
Vendeur 354,21322
Vendeur 125,21197
Vendeur 870,21183
Vendeur 1233,21127
Vendeur 1310,21049
Vendeur 673,20869
Vendeur 161,20839
Vendeur 876,20829
Vendeur 823,20746
Vendeur 741,20644
Vendeur 576,20581
Vendeur 1000,20532
Vendeur 203,20456
Vendeur 764,20301
Vendeur 91,20222
Vendeur 854,20102
Vendeur 292,20098
Vendeur 86,19964
Vendeur 731,19899
Vendeur 773,19898
Vendeur 664,19880
Vendeur 89,19807
Vendeur 275,19763
Vendeur 261,19756
Vendeur 632,19742
Vendeur 736,19588
Vendeur 193,19523
Vendeur 533,19372
Vendeur 225,19348
Vendeur 136,19333
Vendeur 234,19319
Vendeur 757,19223
Vendeur 294,19114
Vendeur 943,19058
Vendeur 343,18945
Vendeur 1438,18938
Vendeur 918,18931
Vendeur 1001,18896
Vendeur 497,18875
Vendeur 1238,18675
Vendeur 302,18635
Vendeur 602,18612
Vendeur 210,18572
Vendeur 885,18546
Vendeur 420,18517
Vendeur 900,18481
Vendeur 657,18256
Vendeur 1277,18243
Vendeur 429,18029
Vendeur 676,17951
Vendeur 1266,17906
Vendeur 277,17901
Vendeur 585,17846
Vendeur 274,17836
Vendeur 686,17783
Vendeur 654,17682
Vendeur 528,17590
Vendeur 780,17589
Vendeur 907,17550
Vendeur 258,17483
Vendeur 296,17450
Vendeur 689,17395
Vendeur 376,17375
Vendeur 724,17356
Vendeur 713,17339
Vendeur 475,17328
Vendeur 61,17309
Vendeur 211,17255
Vendeur 737,17209
Vendeur 206,17174
Vendeur 145,17136
Vendeur 611,17118
Vendeur 317,17024
Vendeur 1382,17001
Vendeur 620,16895
Vendeur 1291,16889
Vendeur 104,16776
Vendeur 30,16738
Vendeur 883,16699
Vendeur 953,16694
Vendeur 428,16678
Vendeur 243,16628
Vendeur 1009,16595
Vendeur 695,16578
Vendeur 185,16448
Vendeur 202,16337
Vendeur 340,16261
Vendeur 1152,16233
Vendeur 640,16184
Vendeur 578,16101
Vendeur 413,16023
Vendeur 157,15986
Vendeur 1017,15960
Vendeur 115,15887
Vendeur 3,15868
Vendeur 1089,15855
Vendeur 1140,15847
Vendeur 574,15723
Vendeur 1186,15681
Vendeur 813,15658
Vendeur 1330,15523
Vendeur 1131,15513
Vendeur 100,15483
Vendeur 138,15432
Vendeur 948,15388
Vendeur 4,15384
Vendeur 1042,15284
Vendeur 266,15250
Vendeur 300,15140
Vendeur 701,15133
Vendeur 336,15114
Vendeur 1036,15083
Vendeur 999,15072
Vendeur 378,15068
Vendeur 462,14982
Vendeur 1476,14978
Vendeur 1109,14961
Vendeur 1352,14933
Vendeur 310,14912
Vendeur 1281,14851
Vendeur 1611,14850
Vendeur 634,14829
Vendeur 927,14821
Vendeur 1938,14817
Vendeur 1215,14752
Vendeur 480,14610
Vendeur 435,14596
Vendeur 648,14568
Vendeur 725,14540
Vendeur 1934,14525
Vendeur 212,14481
Vendeur 637,14469
Vendeur 1088,14425
Vendeur 315,14419
Vendeur 543,14371
Vendeur 670,14365
Vendeur 845,14299
Vendeur 733,14274
Vendeur 955,14260
Vendeur 851,14221
Vendeur 610,14210
Vendeur 792,14207
Vendeur 1142,14183
Vendeur 53,14146
Vendeur 1015,14047
Vendeur 956,13985
Vendeur 404,13749
Vendeur 749,13694
Vendeur 1737,13571
Vendeur 168,13566
Vendeur 890,13515
Vendeur 1083,13488
Vendeur 1402,13472
Vendeur 347,13418
Vendeur 64,13413
Vendeur 478,13393
Vendeur 830,13388
Vendeur 169,13309
Vendeur 857,13290
Vendeur 436,13264
Vendeur 1087,13232
Vendeur 820,13156
Vendeur 414,13122
Vendeur 2271,13099
Vendeur 431,13083
Vendeur 838,13054
Vendeur 418,13051
Vendeur 708,12996
Vendeur 778,12993
Vendeur 1095,12990
Vendeur 1077,12947
Vendeur 942,12947
Vendeur 1581,12892
Vendeur 176,12856
Vendeur 771,12827
Vendeur 363,12778
Vendeur 341,12762
Vendeur 598,12722
Vendeur 735,12697
Vendeur 1931,12686
Vendeur 993,12661
Vendeur 306,12649
Vendeur 312,12592
Vendeur 464,12561
Vendeur 916,12556
Vendeur 1164,12508
Vendeur 452,12507
Vendeur 358,12485
Vendeur 395,12442
Vendeur 979,12423
Vendeur 997,12373
Vendeur 87,12342
Vendeur 1200,12320
Vendeur 416,12305
Vendeur 572,12264
Vendeur 107,12263
Vendeur 106,12248
Vendeur 1039,12155
Vendeur 564,12147
Vendeur 1115,12112
Vendeur 944,12051
Vendeur 643,12004
Vendeur 702,11992
Vendeur 181,11881
Vendeur 1078,11873
Vendeur 39,11684
Vendeur 513,11675
Vendeur 665,11674
Vendeur 124,11649
Vendeur 467,11620
Vendeur 229,11619
Vendeur 1126,11595
Vendeur 806,11576
Vendeur 972,11571
Vendeur 352,11568
Vendeur 750,11542
Vendeur 1130,11517
Vendeur 140,11516
Vendeur 111,11501
Vendeur 1010,11500
Vendeur 1105,11473
Vendeur 1027,11462
Vendeur 934,11361
Vendeur 824,11348
Vendeur 789,11336
Vendeur 385,11328
Vendeur 1079,11308
Vendeur 1983,11285
Vendeur 568,11262
Vendeur 826,11259
Vendeur 268,11150
Vendeur 1289,11098
Vendeur 1824,11087
Vendeur 123,11028
Vendeur 877,11026
Vendeur 496,11008
Vendeur 164,10943
Vendeur 327,10933
Vendeur 759,10928
Vendeur 775,10909
Vendeur 63,10867
Vendeur 1022,10866
Vendeur 1260,10853
Vendeur 886,10818
Vendeur 788,10808
Vendeur 369,10797
Vendeur 590,10797
Vendeur 155,10759
Vendeur 195,10759
Vendeur 1081,10710
Vendeur 1466,10691
Vendeur 1210,10634
Vendeur 330,10528
Vendeur 466,10472
Vendeur 313,10463
Vendeur 592,10458
Vendeur 567,10456
Vendeur 1013,10453
Vendeur 586,10443
Vendeur 604,10435
Vendeur 705,10431
Vendeur 422,10395
Vendeur 1410,10373
Vendeur 1064,10271
Vendeur 1054,10171
Vendeur 696,10159
Vendeur 782,10147
Vendeur 1593,10143
Vendeur 638,10117
Vendeur 912,10106
Vendeur 575,10073
Vendeur 356,10027
Vendeur 763,9943
Vendeur 1229,9923
Vendeur 895,9902
Vendeur 247,9831
Vendeur 878,9823
Vendeur 387,9816
Vendeur 1969,9772
Vendeur 21,9769
Vendeur 333,9762
Vendeur 1712,9716
Vendeur 325,9697
Vendeur 469,9687
Vendeur 1431,9666
Vendeur 748,9611
Vendeur 1269,9601
Vendeur 1910,9599
Vendeur 520,9594
Vendeur 103,9574
Vendeur 1034,9554
Vendeur 728,9417
Vendeur 675,9410
Vendeur 272,9362
Vendeur 1740,9350
Vendeur 565,9336
Vendeur 1336,9270
Vendeur 349,9232
Vendeur 1193,9213
Vendeur 468,9199
Vendeur 52,9189
Vendeur 681,9142
Vendeur 651,9131
Vendeur 751,9128
Vendeur 1166,9124
Vendeur 1782,9123
Vendeur 1522,9108
Vendeur 930,9080
Vendeur 36,9027
Vendeur 1541,9014
Vendeur 1479,8994
Vendeur 971,8992
Vendeur 449,8938
Vendeur 188,8897
Vendeur 254,8885
Vendeur 1878,8865
Vendeur 718,8847
Vendeur 1292,8835
Vendeur 1189,8808
Vendeur 1504,8808
Vendeur 470,8767
Vendeur 401,8746
Vendeur 400,8697
Vendeur 2229,8656
Vendeur 1283,8625
Vendeur 1043,8608
Vendeur 936,8592
Vendeur 1216,8584
Vendeur 884,8550
Vendeur 888,8531
Vendeur 1067,8510
Vendeur 1070,8510
Vendeur 902,8400
Vendeur 256,8390
Vendeur 711,8377
Vendeur 1968,8353
Vendeur 1828,8347
Vendeur 1029,8346
Vendeur 186,8302
Vendeur 1100,8280
Vendeur 130,8239
Vendeur 800,8221
Vendeur 678,8212
Vendeur 772,8212
Vendeur 612,8187
Vendeur 939,8187
Vendeur 827,8182
Vendeur 1502,8153
Vendeur 769,8080
Vendeur 1356,8074
Vendeur 1317,8050
Vendeur 1129,8049
Vendeur 1634,8048
Vendeur 976,8046
Vendeur 923,8038
Vendeur 1627,7979
Vendeur 2106,7972
Vendeur 83,7965
Vendeur 1467,7954
Vendeur 461,7942
Vendeur 786,7925
Vendeur 190,7920
Vendeur 540,7905
Vendeur 269,7903
Vendeur 22,7861
Vendeur 848,7839
Vendeur 506,7835
Vendeur 166,7804
Vendeur 1170,7800
Vendeur 1430,7791
Vendeur 482,7781
Vendeur 1894,7748
Vendeur 1958,7739
Vendeur 722,7720
Vendeur 1462,7714
Vendeur 863,7659
Vendeur 1795,7648
Vendeur 821,7610
Vendeur 1035,7606
Vendeur 1279,7591
Vendeur 192,7576
Vendeur 511,7523
Vendeur 1332,7522
Vendeur 983,7487
Vendeur 1706,7473
Vendeur 32,7456
Vendeur 1481,7452
Vendeur 700,7451
Vendeur 745,7447
Vendeur 697,7431
Vendeur 715,7415
Vendeur 1484,7413
Vendeur 1460,7409
Vendeur 1655,7384
Vendeur 2379,7360
Vendeur 323,7334
Vendeur 408,7329
Vendeur 869,7321
Vendeur 1653,7320
Vendeur 434,7313
Vendeur 1592,7311
Vendeur 1532,7287
Vendeur 531,7258
Vendeur 1808,7238
Vendeur 1176,7231
Vendeur 840,7208
Vendeur 1368,7205
Vendeur 1309,7193
Vendeur 1416,7189
Vendeur 559,7185
Vendeur 1106,7160
Vendeur 1002,7138
Vendeur 1839,7133
Vendeur 1486,7124
Vendeur 864,7114
Vendeur 628,7104
Vendeur 1470,7088
Vendeur 1060,7074
Vendeur 1085,7065
Vendeur 460,7051
Vendeur 2060,7023
Vendeur 1563,6994
Vendeur 360,6966
Vendeur 1982,6965
Vendeur 2444,6956
Vendeur 1577,6928
Vendeur 752,6911
Vendeur 1488,6844
Vendeur 197,6844
Vendeur 474,6837
Vendeur 263,6809
Vendeur 969,6794
Vendeur 1446,6791
Vendeur 1223,6777
Vendeur 1424,6764
Vendeur 524,6760
Vendeur 455,6758
Vendeur 905,6742
Vendeur 699,6739
Vendeur 1463,6718
Vendeur 1132,6691
Vendeur 774,6664
Vendeur 1565,6656
Vendeur 2171,6647
Vendeur 1198,6638
Vendeur 191,6611
Vendeur 99,6611
Vendeur 2347,6595
Vendeur 391,6584
Vendeur 1098,6557
Vendeur 589,6554
Vendeur 1120,6536
Vendeur 1351,6524
Vendeur 1528,6516
Vendeur 237,6516
Vendeur 1314,6510
Vendeur 1053,6507
Vendeur 2137,6492
Vendeur 960,6425
Vendeur 2391,6408
Vendeur 639,6392
Vendeur 1651,6390
Vendeur 276,6364
Vendeur 2126,6362
Vendeur 817,6334
Vendeur 1323,6331
Vendeur 1232,6325
Vendeur 712,6319
Vendeur 562,6312
Vendeur 1893,6309
Vendeur 1075,6301
Vendeur 606,6248
Vendeur 230,6243
Vendeur 1347,6218
Vendeur 485,6216
Vendeur 1318,6215
Vendeur 1234,6205
Vendeur 284,6199
Vendeur 2195,6176
Vendeur 1370,6167
Vendeur 853,6167
Vendeur 597,6145
Vendeur 935,6132
Vendeur 241,6120
Vendeur 328,6103
Vendeur 847,6102
Vendeur 1886,6100
Vendeur 331,6092
Vendeur 2708,6068
Vendeur 893,6048
Vendeur 1533,6015
Vendeur 978,5995
Vendeur 1413,5976
Vendeur 794,5968
Vendeur 1935,5935
Vendeur 755,5927
Vendeur 1871,5918
Vendeur 1032,5900
Vendeur 2045,5886
Vendeur 508,5882
Vendeur 549,5873
Vendeur 1172,5868
Vendeur 1412,5847
Vendeur 235,5833
Vendeur 1764,5830
Vendeur 2707,5830
Vendeur 2144,5822
Vendeur 293,5813
Vendeur 2155,5810
Vendeur 1386,5809
Vendeur 371,5797
Vendeur 283,5783
Vendeur 674,5766
Vendeur 2000,5743
Vendeur 1020,5742
Vendeur 1686,5721
Vendeur 1681,5719
Vendeur 2141,5699
Vendeur 1880,5691
Vendeur 1574,5679
Vendeur 2110,5666
Vendeur 921,5664
Vendeur 1610,5635
Vendeur 350,5635
Vendeur 1343,5621
Vendeur 975,5606
Vendeur 1898,5574
Vendeur 1705,5547
Vendeur 322,5535
Vendeur 1209,5528
Vendeur 1748,5509
Vendeur 423,5502
Vendeur 493,5469
Vendeur 426,5432
Vendeur 1113,5382
Vendeur 1544,5380
Vendeur 1237,5371
Vendeur 1169,5360
Vendeur 2145,5334
Vendeur 1121,5310
Vendeur 1062,5309
Vendeur 872,5288
Vendeur 1879,5284
Vendeur 59,5281
Vendeur 1435,5277
Vendeur 502,5265
Vendeur 1970,5262
Vendeur 2423,5246
Vendeur 1881,5240
Vendeur 156,5235
Vendeur 14,5225
Vendeur 18,5216
Vendeur 299,5206
Vendeur 1052,5174
Vendeur 1390,5146
Vendeur 2226,5120
Vendeur 1491,5115
Vendeur 380,5113
Vendeur 669,5101
Vendeur 1107,5095
Vendeur 515,5093
Vendeur 1713,5090
Vendeur 1630,5074
Vendeur 964,5062
Vendeur 1485,5052
Vendeur 1508,5051
Vendeur 1685,5040
Vendeur 1668,5024
Vendeur 2079,5013
Vendeur 542,4996
Vendeur 1168,4994
Vendeur 1509,4973
Vendeur 1399,4932
Vendeur 1570,4927
Vendeur 913,4916
Vendeur 342,4904
Vendeur 710,4875
Vendeur 1492,4872
Vendeur 476,4847
Vendeur 1128,4833
Vendeur 714,4817
Vendeur 20,4816
Vendeur 1857,4806
Vendeur 1371,4794
Vendeur 1116,4793
Vendeur 805,4769
Vendeur 1474,4765
Vendeur 1092,4749
Vendeur 450,4732
Vendeur 491,4720
Vendeur 1365,4719
Vendeur 687,4714
Vendeur 1822,4694
Vendeur 2177,4694
Vendeur 981,4687
Vendeur 1151,4676
Vendeur 1723,4676
Vendeur 1358,4673
Vendeur 2833,4673
Vendeur 1037,4670
Vendeur 1510,4663
Vendeur 1986,4659
Vendeur 1863,4658
Vendeur 1217,4620
Vendeur 849,4612
Vendeur 1724,4608
Vendeur 1207,4603
Vendeur 633,4595
Vendeur 1003,4594
Vendeur 1515,4594
Vendeur 1407,4588
Vendeur 998,4582
Vendeur 1882,4570
Vendeur 662,4570
Vendeur 850,4562
Vendeur 1475,4557
Vendeur 1110,4542
Vendeur 2104,4533
Vendeur 443,4533
Vendeur 2012,4531
Vendeur 1102,4527
Vendeur 1530,4519
Vendeur 2162,4517
Vendeur 2019,4488
Vendeur 571,4483
Vendeur 766,4483
Vendeur 846,4483
Vendeur 1709,4478
Vendeur 1960,4474
Vendeur 1254,4459
Vendeur 1721,4457
Vendeur 2532,4452
Vendeur 13,4437
Vendeur 904,4432
Vendeur 1411,4420
Vendeur 1068,4408
Vendeur 855,4408
Vendeur 1979,4404
Vendeur 1650,4401
Vendeur 1549,4396
Vendeur 709,4391
Vendeur 1104,4388
Vendeur 1623,4387
Vendeur 1311,4379
Vendeur 43,4370
Vendeur 505,4370
Vendeur 1819,4361
Vendeur 2032,4346
Vendeur 963,4343
Vendeur 321,4334
Vendeur 2883,4327
Vendeur 1296,4316
Vendeur 2284,4299
Vendeur 1542,4289
Vendeur 1187,4288
Vendeur 1487,4269
Vendeur 1802,4252
Vendeur 1449,4249
Vendeur 1754,4247
Vendeur 338,4246
Vendeur 1221,4223
Vendeur 1361,4220
Vendeur 1885,4220
Vendeur 917,4218
Vendeur 584,4217
Vendeur 1511,4210
Vendeur 1698,4198
Vendeur 456,4196
Vendeur 1024,4186
Vendeur 1033,4182
Vendeur 1373,4170
Vendeur 614,4164
Vendeur 595,4163
Vendeur 1359,4162
Vendeur 1633,4161
Vendeur 1222,4145
Vendeur 1536,4145
Vendeur 1523,4144
Vendeur 1841,4138
Vendeur 1305,4133
Vendeur 2363,4130
Vendeur 1403,4129
Vendeur 1900,4123
Vendeur 1551,4121
Vendeur 1665,4109
Vendeur 2121,4104
Vendeur 1830,4032
Vendeur 1838,4022
Vendeur 397,4018
Vendeur 359,4013
Vendeur 1456,4005
Vendeur 868,4004
Vendeur 1537,3997
Vendeur 631,3997
Vendeur 1561,3990
Vendeur 1625,3983
Vendeur 288,3980
Vendeur 1649,3973
Vendeur 1661,3961
Vendeur 1682,3948
Vendeur 329,3947
Vendeur 959,3940
Vendeur 770,3939
Vendeur 1641,3935
Vendeur 996,3929
Vendeur 933,3925
Vendeur 119,3899
Vendeur 5,3898
Vendeur 599,3886
Vendeur 2030,3885
Vendeur 1080,3878
Vendeur 541,3873
Vendeur 88,3873
Vendeur 278,3870
Vendeur 1666,3869
Vendeur 2089,3867
Vendeur 1226,3865
Vendeur 808,3855
Vendeur 579,3845
Vendeur 1340,3835
Vendeur 265,3833
Vendeur 721,3825
Vendeur 1473,3800
Vendeur 1507,3787
Vendeur 1434,3785
Vendeur 1971,3777
Vendeur 495,3773
Vendeur 1769,3772
Vendeur 1631,3757
Vendeur 2001,3750
Vendeur 289,3744
Vendeur 1695,3742
Vendeur 988,3742
Vendeur 1141,3738
Vendeur 2009,3721
Vendeur 1333,3712
Vendeur 393,3705
Vendeur 1267,3701
Vendeur 159,3701
Vendeur 1558,3700
Vendeur 1144,3694
Vendeur 2364,3693
Vendeur 1196,3689
Vendeur 1450,3689
Vendeur 154,3689
Vendeur 1585,3688
Vendeur 1171,3686
Vendeur 1965,3685
Vendeur 719,3685
Vendeur 1608,3672
Vendeur 1674,3667
Vendeur 1700,3666
Vendeur 2295,3665
Vendeur 1801,3663
Vendeur 1392,3660
Vendeur 1419,3653
Vendeur 1421,3652
Vendeur 1615,3652
Vendeur 1785,3650
Vendeur 928,3650
Vendeur 1596,3647
Vendeur 828,3643
Vendeur 2468,3641
Vendeur 1688,3638
Vendeur 1194,3631
Vendeur 1775,3628
Vendeur 1191,3603
Vendeur 2474,3592
Vendeur 1406,3588
Vendeur 1192,3573
Vendeur 2101,3570
Vendeur 102,3567
Vendeur 2214,3567
Vendeur 986,3566
Vendeur 1028,3529
Vendeur 79,3526
Vendeur 1756,3520
Vendeur 1483,3502
Vendeur 1505,3502
Vendeur 1243,3499
Vendeur 534,3472
Vendeur 802,3469
Vendeur 2563,3461
Vendeur 746,3457
Vendeur 1082,3447
Vendeur 109,3447
Vendeur 1763,3447
Vendeur 970,3446
Vendeur 649,3432
Vendeur 2328,3430
Vendeur 535,3429
Vendeur 1703,3424
Vendeur 760,3423
Vendeur 1448,3419
Vendeur 706,3418
Vendeur 1167,3417
Vendeur 1896,3403
Vendeur 1224,3399
Vendeur 2067,3399
Vendeur 364,3396
Vendeur 832,3395
Vendeur 2235,3392
Vendeur 487,3385
Vendeur 968,3382
Vendeur 1111,3381
Vendeur 816,3379
Vendeur 1185,3376
Vendeur 908,3365
Vendeur 1275,3364
Vendeur 691,3351
Vendeur 2187,3344
Vendeur 2292,3344
Vendeur 600,3331
Vendeur 1762,3326
Vendeur 2071,3326
Vendeur 153,3322
Vendeur 1071,3315
Vendeur 2225,3313
Vendeur 1069,3308
Vendeur 1056,3302
Vendeur 1341,3299
Vendeur 1679,3292
Vendeur 1583,3285
Vendeur 1692,3281
Vendeur 1813,3277
Vendeur 1975,3276
Vendeur 929,3275
Vendeur 1761,3261
Vendeur 447,3257
Vendeur 2257,3252
Vendeur 2094,3245
Vendeur 2239,3239
Vendeur 650,3230
Vendeur 2016,3229
Vendeur 1372,3226
Vendeur 1961,3221
Vendeur 2408,3217
Vendeur 1285,3215
Vendeur 1250,3201
Vendeur 842,3200
Vendeur 1369,3196
Vendeur 596,3194
Vendeur 892,3182
Vendeur 1023,3177
Vendeur 1155,3176
Vendeur 804,3176
Vendeur 173,3168
Vendeur 1288,3167
Vendeur 346,3163
Vendeur 1626,3156
Vendeur 1326,3154
Vendeur 1044,3149
Vendeur 1445,3134
Vendeur 926,3127
Vendeur 1809,3126
Vendeur 717,3125
Vendeur 1005,3123
Vendeur 601,3114
Vendeur 2020,3104
Vendeur 831,3101
Vendeur 1677,3099
Vendeur 871,3091
Vendeur 961,3090
Vendeur 797,3088
Vendeur 962,3073
Vendeur 1364,3070
Vendeur 532,3070
Vendeur 781,3065
Vendeur 2595,3061
Vendeur 307,3038
Vendeur 1743,3037
Vendeur 504,3037
Vendeur 1799,3031
Vendeur 1584,3030
Vendeur 1940,3022
Vendeur 660,3010
Vendeur 1103,3009
Vendeur 1671,3005
Vendeur 316,2999
Vendeur 2399,2998
Vendeur 903,2991
Vendeur 1890,2979
Vendeur 1286,2976
Vendeur 1273,2970
Vendeur 1941,2968
Vendeur 15,2961
Vendeur 1535,2942
Vendeur 1251,2941
Vendeur 636,2938
Vendeur 1676,2936
Vendeur 251,2931
Vendeur 1049,2926
Vendeur 1225,2926
Vendeur 1464,2910
Vendeur 1263,2906
Vendeur 882,2904
Vendeur 1118,2902
Vendeur 2528,2901
Vendeur 1711,2899
Vendeur 1276,2895
Vendeur 1908,2895
Vendeur 743,2880
Vendeur 1598,2873
Vendeur 1346,2872
Vendeur 2033,2872
Vendeur 785,2872
Vendeur 2877,2871
Vendeur 1794,2866
Vendeur 841,2861
Vendeur 1241,2860
Vendeur 1868,2856
Vendeur 1388,2851
Vendeur 72,2848
Vendeur 2891,2842
Vendeur 566,2841
Vendeur 552,2837
Vendeur 1691,2836
Vendeur 1334,2830
Vendeur 811,2829
Vendeur 1354,2822
Vendeur 1048,2819
Vendeur 561,2809
Vendeur 1482,2808
Vendeur 1546,2805
Vendeur 810,2804
Vendeur 335,2803
Vendeur 1478,2801
Vendeur 2046,2793
Vendeur 1936,2784
Vendeur 1422,2781
Vendeur 754,2779
Vendeur 1096,2772
Vendeur 517,2772
Vendeur 1157,2771
Vendeur 1860,2770
Vendeur 1526,2767
Vendeur 698,2762
Vendeur 1844,2760
Vendeur 1134,2746
Vendeur 580,2745
Vendeur 1977,2742
Vendeur 2526,2742
Vendeur 1892,2733
Vendeur 1553,2726
Vendeur 1805,2719
Vendeur 1664,2718
Vendeur 1552,2713
Vendeur 1783,2713
Vendeur 1453,2707
Vendeur 867,2707
Vendeur 2297,2704
Vendeur 1773,2695
Vendeur 2028,2694
Vendeur 1031,2689
Vendeur 23,2683
Vendeur 1749,2672
Vendeur 1383,2666
Vendeur 250,2665
Vendeur 1264,2660
Vendeur 1325,2660
Vendeur 1377,2660
Vendeur 2026,2660
Vendeur 1873,2659
Vendeur 1810,2658
Vendeur 1654,2657
Vendeur 146,2654
Vendeur 1539,2648
Vendeur 1657,2648
Vendeur 557,2647
Vendeur 1990,2635
Vendeur 1726,2630
Vendeur 2668,2626
Vendeur 2116,2624
Vendeur 2231,2623
Vendeur 1459,2612
Vendeur 950,2610
Vendeur 1564,2600
Vendeur 403,2600
Vendeur 685,2594
Vendeur 1265,2590
Vendeur 865,2590
Vendeur 2018,2586
Vendeur 1108,2581
Vendeur 1929,2577
Vendeur 2069,2576
Vendeur 858,2574
Vendeur 753,2569
Vendeur 1834,2566
Vendeur 761,2566
Vendeur 1877,2559
Vendeur 334,2559
Vendeur 2493,2554
Vendeur 1658,2553
Vendeur 1644,2552
Vendeur 608,2549
Vendeur 2039,2544
Vendeur 1901,2543
Vendeur 187,2538
Vendeur 1400,2537
Vendeur 836,2536
Vendeur 1147,2527
Vendeur 957,2527
Vendeur 1320,2522
Vendeur 980,2504
Vendeur 1840,2503
Vendeur 1696,2494
Vendeur 1765,2493
Vendeur 2384,2487
Vendeur 1284,2484
Vendeur 2043,2464
Vendeur 932,2460
Vendeur 2191,2459
Vendeur 1183,2456
Vendeur 1779,2455
Vendeur 2470,2454
Vendeur 1888,2451
Vendeur 301,2451
Vendeur 80,2447
Vendeur 1646,2438
Vendeur 844,2432
Vendeur 2361,2431
Vendeur 2312,2424
Vendeur 1396,2423
Vendeur 2793,2410
Vendeur 1909,2408
Vendeur 1660,2407
Vendeur 1246,2399
Vendeur 2056,2392
Vendeur 85,2382
Vendeur 1219,2381
Vendeur 2017,2379
Vendeur 672,2378
Vendeur 1247,2373
Vendeur 2127,2372
Vendeur 1959,2366
Vendeur 1804,2358
Vendeur 1636,2357
Vendeur 1433,2356
Vendeur 1913,2356
Vendeur 1640,2355
Vendeur 1569,2354
Vendeur 1579,2354
Vendeur 1133,2343
Vendeur 2014,2339
Vendeur 1599,2338
Vendeur 1624,2335
Vendeur 1337,2327
Vendeur 2473,2318
Vendeur 2501,2310
Vendeur 2209,2307
Vendeur 2115,2306
Vendeur 1928,2305
Vendeur 2672,2304
Vendeur 1006,2302
Vendeur 1278,2300
Vendeur 1123,2296
Vendeur 1321,2294
Vendeur 132,2292
Vendeur 465,2283
Vendeur 2057,2280
Vendeur 120,2276
Vendeur 1837,2271
Vendeur 1543,2265
Vendeur 1465,2263
Vendeur 1458,2259
Vendeur 262,2259
Vendeur 494,2257
Vendeur 896,2255
Vendeur 1471,2253
Vendeur 2272,2250
Vendeur 1148,2249
Vendeur 133,2247
Vendeur 1503,2246
Vendeur 1353,2242
Vendeur 1776,2233
Vendeur 471,2233
Vendeur 2318,2232
Vendeur 1987,2228
Vendeur 514,2223
Vendeur 947,2220
Vendeur 1576,2208
Vendeur 1946,2205
Vendeur 1366,2191
Vendeur 1852,2189
Vendeur 1436,2187
Vendeur 1512,2186
Vendeur 2075,2186
Vendeur 2432,2186
Vendeur 667,2183
Vendeur 1735,2180
Vendeur 2285,2169
Vendeur 1996,2160
Vendeur 652,2153
Vendeur 2212,2146
Vendeur 727,2144
Vendeur 1559,2143
Vendeur 2602,2143
Vendeur 2849,2136
Vendeur 1384,2134
Vendeur 2130,2134
Vendeur 2412,2133
Vendeur 1145,2132
Vendeur 1568,2125
Vendeur 427,2121
Vendeur 744,2119
Vendeur 875,2119
Vendeur 2170,2116
Vendeur 440,2113
Vendeur 801,2109
Vendeur 1150,2094
Vendeur 2626,2090
Vendeur 1637,2087
Vendeur 1099,2080
Vendeur 200,2071
Vendeur 481,2058
Vendeur 2360,2057
Vendeur 2683,2056
Vendeur 1846,2035
Vendeur 2396,2032
Vendeur 1757,2024
Vendeur 2549,2021
Vendeur 613,2020
Vendeur 1989,2017
Vendeur 314,2017
Vendeur 787,2007
Vendeur 799,2006
Vendeur 616,2001
Vendeur 1718,1990
Vendeur 382,1988
Vendeur 2507,1987
Vendeur 2196,1975
Vendeur 688,1972
Vendeur 1911,1970
Vendeur 593,1970
Vendeur 1573,1968
Vendeur 1094,1961
Vendeur 2554,1961
Vendeur 1268,1960
Vendeur 2161,1958
Vendeur 1689,1954
Vendeur 1620,1949
Vendeur 2208,1946
Vendeur 2481,1946
Vendeur 1112,1940
Vendeur 2206,1931
Vendeur 2401,1927
Vendeur 952,1925
Vendeur 1939,1923
Vendeur 1796,1917
Vendeur 1490,1911
Vendeur 2098,1910
Vendeur 1149,1904
Vendeur 1739,1904
Vendeur 1538,1902
Vendeur 834,1902
Vendeur 1331,1901
Vendeur 1531,1896
Vendeur 1525,1886
Vendeur 1862,1882
Vendeur 982,1879
Vendeur 1137,1877
Vendeur 1693,1876
Vendeur 1952,1872
Vendeur 2059,1871
Vendeur 2114,1871
Vendeur 873,1870
Vendeur 1945,1866
Vendeur 1335,1862
Vendeur 1158,1860
Vendeur 1324,1856
Vendeur 889,1855
Vendeur 2319,1854
Vendeur 394,1846
Vendeur 1294,1828
Vendeur 2237,1827
Vendeur 837,1824
Vendeur 2049,1818
Vendeur 1315,1817
Vendeur 1753,1808
Vendeur 2371,1806
Vendeur 1594,1799
Vendeur 457,1791
Vendeur 2511,1787
Vendeur 2327,1785
Vendeur 1670,1777
Vendeur 1055,1775
Vendeur 707,1775
Vendeur 2051,1773
Vendeur 2315,1771
Vendeur 1842,1766
Vendeur 1656,1765
Vendeur 2296,1761
Vendeur 880,1761
Vendeur 2188,1760
Vendeur 881,1757
Vendeur 1203,1752
Vendeur 723,1748
Vendeur 1440,1745
Vendeur 291,1745
Vendeur 668,1744
Vendeur 2821,1738
Vendeur 2303,1737
Vendeur 1163,1730
Vendeur 2157,1730
Vendeur 1884,1729
Vendeur 1012,1727
Vendeur 1253,1723
Vendeur 2084,1723
Vendeur 1683,1718
Vendeur 2007,1716
Vendeur 2095,1713
Vendeur 2210,1712
Vendeur 656,1705
Vendeur 2037,1702
Vendeur 2097,1700
Vendeur 538,1700
Vendeur 995,1698
Vendeur 2055,1696
Vendeur 758,1695
Vendeur 1919,1690
Vendeur 627,1690
Vendeur 874,1689
Vendeur 989,1686
Vendeur 1667,1685
Vendeur 2184,1681
Vendeur 1680,1680
Vendeur 1527,1678
Vendeur 2107,1674
Vendeur 1918,1670
Vendeur 2013,1663
Vendeur 1648,1662
Vendeur 1258,1658
Vendeur 1854,1658
Vendeur 1256,1657
Vendeur 1030,1656
Vendeur 1566,1656
Vendeur 2068,1652
Vendeur 303,1648
Vendeur 1304,1646
Vendeur 1394,1646
Vendeur 1751,1643
Vendeur 1609,1641
Vendeur 1578,1627
Vendeur 1866,1627
Vendeur 784,1626
Vendeur 1556,1617
Vendeur 1953,1616
Vendeur 433,1614
Vendeur 2150,1613
Vendeur 2287,1610
Vendeur 1280,1609
Vendeur 1339,1609
Vendeur 1856,1609
Vendeur 839,1606
Vendeur 75,1604
Vendeur 2345,1600
Vendeur 1993,1597
Vendeur 1161,1590
Vendeur 938,1588
Vendeur 1887,1585
Vendeur 1007,1584
Vendeur 2449,1584
Vendeur 1021,1581
Vendeur 1858,1577
Vendeur 548,1577
Vendeur 1493,1562
Vendeur 1954,1561
Vendeur 920,1561
Vendeur 2357,1558
Vendeur 45,1557
Vendeur 1271,1553
Vendeur 1303,1553
Vendeur 1728,1549
Vendeur 2244,1548
Vendeur 1548,1546
Vendeur 486,1543
Vendeur 692,1543
Vendeur 1076,1540
Vendeur 1720,1540
Vendeur 659,1533
Vendeur 2486,1532
Vendeur 113,1528
Vendeur 2624,1528
Vendeur 1160,1522
Vendeur 1380,1521
Vendeur 224,1521
Vendeur 819,1518
Vendeur 2496,1516
Vendeur 1741,1514
Vendeur 644,1513
Vendeur 1480,1511
Vendeur 2367,1509
Vendeur 1950,1506
Vendeur 2376,1506
Vendeur 1690,1501
Vendeur 1494,1500
Vendeur 1613,1499
Vendeur 2343,1498
Vendeur 90,1494
Vendeur 1501,1493
Vendeur 2082,1491
Vendeur 1306,1481
Vendeur 2701,1480
Vendeur 1920,1477
Vendeur 2270,1473
Vendeur 2405,1470
Vendeur 779,1469
Vendeur 1455,1465
Vendeur 2220,1458
Vendeur 1206,1455
Vendeur 2113,1453
Vendeur 1387,1449
Vendeur 1201,1447
Vendeur 641,1444
Vendeur 2885,1441
Vendeur 1489,1438
Vendeur 2159,1438
Vendeur 1772,1437
Vendeur 2125,1437
Vendeur 1329,1435
Vendeur 1933,1434
Vendeur 1675,1432
Vendeur 2616,1432
Vendeur 1257,1431
Vendeur 1248,1429
Vendeur 424,1427
Vendeur 2061,1422
Vendeur 1814,1419
Vendeur 2765,1419
Vendeur 1963,1417
Vendeur 2344,1415
Vendeur 1832,1411
Vendeur 2076,1410
Vendeur 2261,1407
Vendeur 2483,1404
Vendeur 1389,1401
Vendeur 2304,1401
Vendeur 1981,1400
Vendeur 437,1400
Vendeur 1451,1399
Vendeur 2551,1398
Vendeur 2314,1396
Vendeur 1947,1394
Vendeur 690,1394
Vendeur 2198,1393
Vendeur 2385,1388
Vendeur 355,1387
Vendeur 994,1387
Vendeur 958,1384
Vendeur 2004,1382
Vendeur 937,1380
Vendeur 1811,1375
Vendeur 2462,1375
Vendeur 1290,1371
Vendeur 2146,1371
Vendeur 2761,1370
Vendeur 2307,1364
Vendeur 2072,1363
Vendeur 2254,1357
Vendeur 1114,1355
Vendeur 1807,1351
Vendeur 1786,1350
Vendeur 894,1344
Vendeur 483,1343
Vendeur 2604,1338
Vendeur 1086,1332
Vendeur 967,1330
Vendeur 1447,1328
Vendeur 1252,1319
Vendeur 1774,1316
Vendeur 1282,1314
Vendeur 1715,1314
Vendeur 2300,1306
Vendeur 1008,1298
Vendeur 1409,1297
Vendeur 2545,1297
Vendeur 1951,1293
Vendeur 1976,1290
Vendeur 2147,1290
Vendeur 2267,1290
Vendeur 1557,1287
Vendeur 1184,1284
Vendeur 2124,1283
Vendeur 2230,1282
Vendeur 954,1280
Vendeur 2070,1279
Vendeur 2139,1279
Vendeur 2169,1278
Vendeur 2689,1278
Vendeur 1405,1274
Vendeur 1197,1272
Vendeur 776,1269
Vendeur 1177,1268
Vendeur 1428,1263
Vendeur 2631,1262
Vendeur 2190,1260
Vendeur 1418,1258
Vendeur 2397,1257
Vendeur 2035,1256
Vendeur 1004,1252
Vendeur 1214,1252
Vendeur 1855,1248
Vendeur 1923,1245
Vendeur 74,1244
Vendeur 2585,1242
Vendeur 2306,1227
Vendeur 1205,1225
Vendeur 2010,1225
Vendeur 1454,1222
Vendeur 1117,1221
Vendeur 2369,1215
Vendeur 1218,1214
Vendeur 1495,1212
Vendeur 1601,1212
Vendeur 1843,1212
Vendeur 1518,1210
Vendeur 442,1210
Vendeur 1586,1204
Vendeur 1414,1202
Vendeur 1605,1198
Vendeur 1181,1197
Vendeur 1312,1195
Vendeur 1621,1195
Vendeur 2148,1190
Vendeur 2249,1190
Vendeur 2416,1190
Vendeur 2651,1190
Vendeur 516,1189
Vendeur 1344,1188
Vendeur 973,1188
Vendeur 1519,1187
Vendeur 324,1181
Vendeur 1236,1177
Vendeur 1338,1175
Vendeur 1645,1170
Vendeur 1930,1169
Vendeur 1506,1160
Vendeur 768,1158
Vendeur 1175,1153
Vendeur 2050,1152
Vendeur 915,1151
Vendeur 2658,1149
Vendeur 1547,1147
Vendeur 2203,1144
Vendeur 2266,1144
Vendeur 2413,1143
Vendeur 2325,1141
Vendeur 1701,1139
Vendeur 2670,1139
Vendeur 2717,1137
Vendeur 1550,1136
Vendeur 1376,1134
Vendeur 1815,1134
Vendeur 1298,1129
Vendeur 2514,1128
Vendeur 582,1128
Vendeur 1663,1127
Vendeur 1925,1125
Vendeur 2402,1123
Vendeur 253,1123
Vendeur 1261,1119
Vendeur 2461,1119
Vendeur 2654,1119
Vendeur 1287,1118
Vendeur 2434,1117
Vendeur 1295,1115
Vendeur 2435,1113
Vendeur 2490,1108
Vendeur 484,1108
Vendeur 1154,1106
Vendeur 1444,1105
Vendeur 2422,1103
Vendeur 1143,1101
Vendeur 2771,1101
Vendeur 1702,1092
Vendeur 1090,1091
Vendeur 2398,1088
Vendeur 1135,1087
Vendeur 2153,1086
Vendeur 2086,1083
Vendeur 1942,1082
Vendeur 1061,1080
Vendeur 2251,1078
Vendeur 1426,1077
Vendeur 2280,1077
Vendeur 2429,1077
Vendeur 1357,1073
Vendeur 2224,1068
Vendeur 1821,1064
Vendeur 2652,1061
Vendeur 1619,1058
Vendeur 1812,1058
Vendeur 372,1058
Vendeur 1825,1055
Vendeur 2274,1053
Vendeur 1788,1052
Vendeur 1792,1052
Vendeur 2166,1049
Vendeur 1517,1048
Vendeur 1255,1046
Vendeur 2025,1045
Vendeur 803,1045
Vendeur 1439,1044
Vendeur 1045,1040
Vendeur 1348,1039
Vendeur 1057,1038
Vendeur 2542,1037
Vendeur 1629,1035
Vendeur 1262,1034
Vendeur 1793,1033
Vendeur 2495,1033
Vendeur 2245,1032
Vendeur 1708,1027
Vendeur 2152,1025
Vendeur 2168,1025
Vendeur 2337,1025
Vendeur 2579,1025
Vendeur 2185,1019
Vendeur 1360,1014
Vendeur 239,1011
Vendeur 791,1009
Vendeur 1604,1008
Vendeur 2373,1008
Vendeur 2533,1008
Vendeur 2614,1006
Vendeur 2625,1006
Vendeur 1865,1005
Vendeur 2103,1005
Vendeur 2090,1002
Vendeur 216,1002
Vendeur 2355,999
Vendeur 1891,997
Vendeur 1432,996
Vendeur 703,989
Vendeur 2390,986
Vendeur 2484,985
Vendeur 1534,984
Vendeur 2201,984
Vendeur 1127,983
Vendeur 2593,980
Vendeur 555,979
Vendeur 1635,977
Vendeur 2140,976
Vendeur 1899,974
Vendeur 2453,974
Vendeur 2732,974
Vendeur 1867,972
Vendeur 2340,970
Vendeur 1745,967
Vendeur 1714,960
Vendeur 2313,960
Vendeur 1349,957
Vendeur 2022,956
Vendeur 2247,956
Vendeur 453,949
Vendeur 2420,948
Vendeur 2179,947
Vendeur 945,946
Vendeur 1345,942
Vendeur 1684,942
Vendeur 1687,936
Vendeur 609,935
Vendeur 1669,933
Vendeur 2436,933
Vendeur 2006,932
Vendeur 406,932
Vendeur 1780,929
Vendeur 1859,926
Vendeur 2213,924
Vendeur 2606,924
Vendeur 2276,922
Vendeur 1817,919
Vendeur 2801,916
Vendeur 2629,914
Vendeur 1025,913
Vendeur 2518,910
Vendeur 1916,909
Vendeur 2175,909
Vendeur 1165,907
Vendeur 1607,907
Vendeur 2366,906
Vendeur 666,906
Vendeur 1019,904
Vendeur 410,901
Vendeur 411,899
Vendeur 887,895
Vendeur 1385,893
Vendeur 2712,890
Vendeur 2181,888
Vendeur 2927,887
Vendeur 1220,885
Vendeur 2848,885
Vendeur 1752,884
Vendeur 2664,884
Vendeur 2600,878
Vendeur 2900,878
Vendeur 2316,875
Vendeur 1836,874
Vendeur 1994,874
Vendeur 2260,870
Vendeur 2893,870
Vendeur 1580,869
Vendeur 1362,866
Vendeur 1379,866
Vendeur 2709,866
Vendeur 742,864
Vendeur 1516,862
Vendeur 2216,862
Vendeur 941,862
Vendeur 2531,861
Vendeur 2561,858
Vendeur 521,858
Vendeur 286,856
Vendeur 1991,853
Vendeur 2219,852
Vendeur 2560,852
Vendeur 2592,852
Vendeur 693,850
Vendeur 1520,849
Vendeur 1452,846
Vendeur 2186,844
Vendeur 2714,844
Vendeur 2775,844
Vendeur 1760,843
Vendeur 2446,842
Vendeur 2515,841
Vendeur 2609,840
Vendeur 518,840
Vendeur 1300,839
Vendeur 1016,837
Vendeur 1156,836
Vendeur 2727,836
Vendeur 1787,834
Vendeur 2134,834
Vendeur 1244,833
Vendeur 2163,832
Vendeur 2498,831
Vendeur 2354,830
Vendeur 2077,829
Vendeur 1904,828
Vendeur 2042,828
Vendeur 1227,826
Vendeur 2133,824
Vendeur 2440,823
Vendeur 2488,823
Vendeur 1998,822
Vendeur 2289,818
Vendeur 1041,817
Vendeur 1874,816
Vendeur 2781,815
Vendeur 1499,810
Vendeur 215,810
Vendeur 1967,809
Vendeur 2091,809
Vendeur 2544,801
Vendeur 1350,799
Vendeur 2058,799
Vendeur 2772,798
Vendeur 2857,798
Vendeur 2828,796
Vendeur 1319,795
Vendeur 1342,795
Vendeur 1562,794
Vendeur 2445,793
Vendeur 1730,790
Vendeur 2339,787
Vendeur 2112,786
Vendeur 222,783
Vendeur 1861,782
Vendeur 1944,781
Vendeur 2255,778
Vendeur 931,776
Vendeur 1496,773
Vendeur 974,773
Vendeur 2502,772
Vendeur 2278,764
Vendeur 2346,763
Vendeur 2485,763
Vendeur 1443,762
Vendeur 2217,760
Vendeur 2852,759
Vendeur 1513,757
Vendeur 1595,757
Vendeur 2205,757
Vendeur 2452,757
Vendeur 2842,755
Vendeur 2228,754
Vendeur 1869,753
Vendeur 1567,748
Vendeur 925,748
Vendeur 1600,746
Vendeur 2197,746
Vendeur 1806,745
Vendeur 1766,744
Vendeur 2553,740
Vendeur 1704,739
Vendeur 2348,738
Vendeur 2691,738
Vendeur 2109,736
Vendeur 2341,734
Vendeur 2038,733
Vendeur 2906,733
Vendeur 2333,727
Vendeur 2802,727
Vendeur 1441,726
Vendeur 1870,726
Vendeur 2576,726
Vendeur 2796,726
Vendeur 2525,725
Vendeur 814,725
Vendeur 2505,724
Vendeur 1299,723
Vendeur 2878,723
Vendeur 2447,721
Vendeur 1242,720
Vendeur 1829,719
Vendeur 2088,719
Vendeur 738,719
Vendeur 2322,717
Vendeur 2537,716
Vendeur 439,716
Vendeur 624,716
Vendeur 629,716
Vendeur 509,715
Vendeur 1408,710
Vendeur 2797,710
Vendeur 914,710
Vendeur 2419,709
Vendeur 1639,708
Vendeur 2117,708
Vendeur 2246,708
Vendeur 2809,708
Vendeur 1616,706
Vendeur 2410,705
Vendeur 2534,705
Vendeur 1417,704
Vendeur 1719,704
Vendeur 2591,698
Vendeur 2825,698
Vendeur 1614,697
Vendeur 1827,695
Vendeur 2256,691
Vendeur 2675,690
Vendeur 591,690
Vendeur 1138,688
Vendeur 1589,687
Vendeur 2381,687
Vendeur 2243,686
Vendeur 1725,685
Vendeur 2087,684
Vendeur 2323,684
Vendeur 2392,684
Vendeur 1966,682
Vendeur 1768,681
Vendeur 2036,680
Vendeur 2692,680
Vendeur 1736,679
Vendeur 1322,677
Vendeur 1249,675
Vendeur 2066,675
Vendeur 1307,672
Vendeur 2716,672
Vendeur 2728,672
Vendeur 374,671
Vendeur 2745,670
Vendeur 1746,669
Vendeur 2754,668
Vendeur 2031,666
Vendeur 1889,665
Vendeur 2167,664
Vendeur 2455,664
Vendeur 2199,662
Vendeur 2353,659
Vendeur 2516,659
Vendeur 2513,658
Vendeur 2250,657
Vendeur 1662,653
Vendeur 2129,653
Vendeur 2281,653
Vendeur 2638,652
Vendeur 2321,651
Vendeur 2810,651
Vendeur 1964,648
Vendeur 526,648
Vendeur 2294,646
Vendeur 2388,643
Vendeur 1895,641
Vendeur 2320,641
Vendeur 2383,641
Vendeur 2556,641
Vendeur 1173,637
Vendeur 1732,637
Vendeur 603,637
Vendeur 1876,636
Vendeur 2305,635
Vendeur 2411,629
Vendeur 2647,628
Vendeur 807,626
Vendeur 1259,624
Vendeur 2800,623
Vendeur 677,623
Vendeur 1059,621
Vendeur 2003,621
Vendeur 2605,621
Vendeur 577,621
Vendeur 1914,620
Vendeur 1302,618
Vendeur 1833,618
Vendeur 2836,615
Vendeur 2806,614
Vendeur 2783,613
Vendeur 767,612
Vendeur 2477,611
Vendeur 2570,610
Vendeur 1617,608
Vendeur 2052,608
Vendeur 529,606
Vendeur 2642,605
Vendeur 2564,604
Vendeur 2207,603
Vendeur 2752,603
Vendeur 2362,600
Vendeur 2823,600
Vendeur 1803,599
Vendeur 2324,599
Vendeur 1697,596
Vendeur 2574,596
Vendeur 1917,595
Vendeur 2753,595
Vendeur 54,594
Vendeur 2659,593
Vendeur 1274,589
Vendeur 815,585
Vendeur 2512,584
Vendeur 2594,584
Vendeur 790,582
Vendeur 1308,581
Vendeur 1850,580
Vendeur 1906,580
Vendeur 2740,580
Vendeur 2211,579
Vendeur 2182,578
Vendeur 1401,574
Vendeur 2866,574
Vendeur 843,574
Vendeur 1851,573
Vendeur 2073,572
Vendeur 2389,571
Vendeur 1897,570
Vendeur 2721,570
Vendeur 720,569
Vendeur 2581,566
Vendeur 1937,565
Vendeur 1180,564
Vendeur 2590,564
Vendeur 671,564
Vendeur 1997,562
Vendeur 2299,560
Vendeur 1429,555
Vendeur 2676,554
Vendeur 2904,554
Vendeur 2930,554
Vendeur 1397,553
Vendeur 2577,553
Vendeur 1272,551
Vendeur 2454,551
Vendeur 2136,550
Vendeur 2653,549
Vendeur 2617,548
Vendeur 2083,547
Vendeur 2813,545
Vendeur 2040,544
Vendeur 2916,544
Vendeur 2002,543
Vendeur 2448,543
Vendeur 2582,543
Vendeur 951,542
Vendeur 2635,540
Vendeur 1734,538
Vendeur 1921,538
Vendeur 2034,535
Vendeur 2769,535
Vendeur 2120,534
Vendeur 2460,534
Vendeur 2491,534
Vendeur 2236,533
Vendeur 1729,528
Vendeur 2612,526
Vendeur 2350,525
Vendeur 1831,523
Vendeur 765,523
Vendeur 1575,520
Vendeur 2164,520
Vendeur 2301,520
Vendeur 2349,518
Vendeur 2820,518
Vendeur 2760,515
Vendeur 2641,513
Vendeur 2309,512
Vendeur 1612,511
Vendeur 2310,507
Vendeur 388,506
Vendeur 1072,505
Vendeur 2441,498
Vendeur 2824,498
Vendeur 783,497
Vendeur 1603,496
Vendeur 2601,496
Vendeur 1602,493
Vendeur 2183,493
Vendeur 1472,492
Vendeur 357,492
Vendeur 829,492
Vendeur 1800,491
Vendeur 2415,491
Vendeur 2221,489
Vendeur 1758,487
Vendeur 2864,485
Vendeur 2466,484
Vendeur 1230,483
Vendeur 2118,483
Vendeur 175,482
Vendeur 2645,482
Vendeur 2888,480
Vendeur 965,478
Vendeur 2027,477
Vendeur 2830,477
Vendeur 1375,476
Vendeur 1391,474
Vendeur 2759,473
Vendeur 1316,471
Vendeur 2178,470
Vendeur 2330,470
Vendeur 2311,467
Vendeur 2504,467
Vendeur 2596,467
Vendeur 1767,465
Vendeur 1992,465
Vendeur 1927,464
Vendeur 1980,464
Vendeur 2080,463
Vendeur 2838,461
Vendeur 2293,460
Vendeur 739,460
Vendeur 2242,458
Vendeur 1040,455
Vendeur 1425,455
Vendeur 2889,455
Vendeur 1731,454
Vendeur 2734,454
Vendeur 2550,453
Vendeur 684,453
Vendeur 2154,452
Vendeur 2358,450
Vendeur 2283,448
Vendeur 617,448
Vendeur 1026,447
Vendeur 2099,447
Vendeur 2442,446
Vendeur 2015,444
Vendeur 2356,444
Vendeur 2826,443
Vendeur 2613,442
Vendeur 345,442
Vendeur 1014,441
Vendeur 128,439
Vendeur 2844,439
Vendeur 1847,435
Vendeur 2062,435
Vendeur 2317,431
Vendeur 1932,430
Vendeur 2302,429
Vendeur 2536,429
Vendeur 2696,427
Vendeur 1590,426
Vendeur 2193,426
Vendeur 2705,426
Vendeur 2804,425
Vendeur 1182,422
Vendeur 2784,421
Vendeur 2807,420
Vendeur 1084,419
Vendeur 1442,419
Vendeur 2065,419
Vendeur 2253,419
Vendeur 2618,419
Vendeur 1618,417
Vendeur 2078,415
Vendeur 2780,415
Vendeur 2517,414
Vendeur 459,414
Vendeur 647,414
Vendeur 1457,413
Vendeur 2698,413
Vendeur 2917,413
Vendeur 2472,412
Vendeur 2687,412
Vendeur 1818,411
Vendeur 1074,408
Vendeur 2726,406
Vendeur 2375,404
Vendeur 2621,403
Vendeur 1199,402
Vendeur 2523,402
Vendeur 1984,401
Vendeur 2450,400
Vendeur 2871,398
Vendeur 2386,395
Vendeur 2275,394
Vendeur 856,394
Vendeur 2723,393
Vendeur 2794,393
Vendeur 1469,392
Vendeur 2494,392
Vendeur 2540,390
Vendeur 2729,390
Vendeur 1363,388
Vendeur 1678,388
Vendeur 1999,388
Vendeur 1750,386
Vendeur 2394,384
Vendeur 1228,383
Vendeur 2856,380
Vendeur 2792,378
Vendeur 762,377
Vendeur 2200,376
Vendeur 2457,374
Vendeur 1097,373
Vendeur 2437,370
Vendeur 1374,368
Vendeur 2567,368
Vendeur 2578,367
Vendeur 2665,366
Vendeur 2777,365
Vendeur 1755,364
Vendeur 2406,364
Vendeur 2202,363
Vendeur 2395,363
Vendeur 2174,362
Vendeur 2662,360
Vendeur 1239,359
Vendeur 1420,359
Vendeur 2711,358
Vendeur 2730,357
Vendeur 1628,356
Vendeur 949,355
Vendeur 1652,354
Vendeur 897,354
Vendeur 2387,353
Vendeur 1415,349
Vendeur 1423,346
Vendeur 2639,346
Vendeur 2693,346
Vendeur 2839,345
Vendeur 409,345
Vendeur 503,345
Vendeur 1213,344
Vendeur 1124,342
Vendeur 2105,342
Vendeur 2520,341
Vendeur 1798,340
Vendeur 2122,340
Vendeur 1240,339
Vendeur 2438,339
Vendeur 2085,338
Vendeur 2627,337
Vendeur 2731,335
Vendeur 2522,333
Vendeur 1011,330
Vendeur 1744,330
Vendeur 2142,330
Vendeur 2173,330
Vendeur 1122,328
Vendeur 1235,328
Vendeur 1179,325
Vendeur 2338,325
Vendeur 2527,325
Vendeur 1297,324
Vendeur 1301,324
Vendeur 2555,324
Vendeur 2131,323
Vendeur 2773,323
Vendeur 2850,323
Vendeur 1555,320
Vendeur 2539,320
Vendeur 1591,318
Vendeur 2584,313
Vendeur 2835,311
Vendeur 1437,310
Vendeur 2872,310
Vendeur 1529,308
Vendeur 1707,307
Vendeur 2858,307
Vendeur 2899,307
Vendeur 1789,306
Vendeur 1924,306
Vendeur 2149,306
Vendeur 1212,304
Vendeur 2008,304
Vendeur 2180,304
Vendeur 2799,304
Vendeur 1355,303
Vendeur 479,303
Vendeur 2879,301
Vendeur 1717,300
Vendeur 2074,300
Vendeur 2378,300
Vendeur 2655,300
Vendeur 2923,300
Vendeur 1328,298
Vendeur 2757,298
Vendeur 1673,297
Vendeur 2108,297
Vendeur 1659,296
Vendeur 1119,295
Vendeur 992,295
Vendeur 2519,293
Vendeur 822,292
Vendeur 2640,291
Vendeur 537,291
Vendeur 2637,289
Vendeur 122,288
Vendeur 2100,288
Vendeur 2291,288
Vendeur 1710,287
Vendeur 2506,287
Vendeur 2905,287
Vendeur 2240,286
Vendeur 2426,286
Vendeur 2459,285
Vendeur 2743,284
Vendeur 1190,282
Vendeur 1985,282
Vendeur 2666,280
Vendeur 2755,280
Vendeur 2892,280
Vendeur 607,280
Vendeur 2404,276
Vendeur 2279,275
Vendeur 2623,275
Vendeur 2763,275
Vendeur 2669,274
Vendeur 530,274
Vendeur 1716,273
Vendeur 2735,273
Vendeur 2259,272
Vendeur 2464,272
Vendeur 2218,271
Vendeur 919,271
Vendeur 2667,270
Vendeur 2798,270
Vendeur 2607,269
Vendeur 1521,268
Vendeur 2487,268
Vendeur 906,268
Vendeur 1514,267
Vendeur 2482,267
Vendeur 1883,265
Vendeur 2469,265
Vendeur 2503,264
Vendeur 1781,262
Vendeur 47,262
Vendeur 2741,261
Vendeur 2424,260
Vendeur 1727,259
Vendeur 2268,259
Vendeur 2914,259
Vendeur 2143,258
Vendeur 2332,258
Vendeur 618,258
Vendeur 1872,257
Vendeur 1875,256
Vendeur 2132,256
Vendeur 2566,255
Vendeur 2575,254
Vendeur 2661,254
Vendeur 2834,254
Vendeur 1848,252
Vendeur 1912,252
Vendeur 2673,252
Vendeur 2812,252
Vendeur 2111,250
Vendeur 1588,249
Vendeur 1926,249
Vendeur 1038,248
Vendeur 2608,248
Vendeur 1733,247
Vendeur 2814,246
Vendeur 2827,246
Vendeur 2465,245
Vendeur 1974,244
Vendeur 2657,244
Vendeur 2863,244
Vendeur 1500,243
Vendeur 1915,242
Vendeur 477,242
Vendeur 2913,241
Vendeur 2044,240
Vendeur 1922,239
Vendeur 2138,239
Vendeur 2262,238
Vendeur 2478,238
Vendeur 2677,238
Vendeur 2816,236
Vendeur 2092,235
Vendeur 2456,235
Vendeur 2041,234
Vendeur 2492,234
Vendeur 2776,234
Vendeur 1139,233
Vendeur 2234,233
Vendeur 2081,232
Vendeur 2204,232
Vendeur 2649,232
Vendeur 2751,232
Vendeur 2909,232
Vendeur 2610,231
Vendeur 2510,230
Vendeur 2611,230
Vendeur 2223,229
Vendeur 2747,229
Vendeur 2831,229
Vendeur 1784,228
Vendeur 2093,228
Vendeur 2277,228
Vendeur 2737,228
Vendeur 1597,227
Vendeur 2724,226
Vendeur 2365,225
Vendeur 2681,225
Vendeur 1188,224
Vendeur 2192,223
Vendeur 1125,221
Vendeur 2861,220
Vendeur 2331,216
Vendeur 2686,216
Vendeur 2011,215
Vendeur 2128,215
Vendeur 2288,215
Vendeur 2862,215
Vendeur 2572,213
Vendeur 2273,212
Vendeur 182,211
Vendeur 2546,211
Vendeur 2622,210
Vendeur 809,210
Vendeur 2053,208
Vendeur 2370,208
Vendeur 2718,208
Vendeur 512,208
Vendeur 1826,207
Vendeur 1498,206
Vendeur 2194,205
Vendeur 2351,205
Vendeur 2860,205
Vendeur 1606,204
Vendeur 2471,202
Vendeur 71,202
Vendeur 1524,201
Vendeur 2135,201
Vendeur 2368,201
Vendeur 2403,201
Vendeur 2427,200
Vendeur 2908,200
Vendeur 1497,199
Vendeur 1672,199
Vendeur 2746,199
Vendeur 2837,199
Vendeur 2619,198
Vendeur 1845,196
Vendeur 1905,196
Vendeur 2684,196
Vendeur 147,195
Vendeur 2123,194
Vendeur 2682,194
Vendeur 2096,192
Vendeur 2160,192
Vendeur 2630,192
Vendeur 909,191
Vendeur 1582,190
Vendeur 2725,190
Vendeur 1988,188
Vendeur 2695,188
Vendeur 2241,187
Vendeur 2377,187
Vendeur 2656,187
Vendeur 2880,187
Vendeur 1902,186
Vendeur 2795,186
Vendeur 2524,185
Vendeur 2736,184
Vendeur 2258,183
Vendeur 2400,183
Vendeur 2749,183
Vendeur 2925,183
Vendeur 2151,182
Vendeur 2269,181
Vendeur 2573,181
Vendeur 2896,181
Vendeur 1461,180
Vendeur 1643,180
Vendeur 2054,180
Vendeur 2766,180
Vendeur 2845,180
Vendeur 2811,179
Vendeur 1572,178
Vendeur 2119,178
Vendeur 991,178
Vendeur 2352,176
Vendeur 2282,174
Vendeur 2290,174
Vendeur 2787,174
Vendeur 2308,173
Vendeur 2843,173
Vendeur 2895,173
Vendeur 2583,172
Vendeur 2047,171
Vendeur 1722,169
Vendeur 2851,169
Vendeur 1066,168
Vendeur 2571,168
Vendeur 1162,167
Vendeur 1174,167
Vendeur 1694,167
Vendeur 2853,167
Vendeur 2870,167
Vendeur 1093,166
Vendeur 201,166
Vendeur 2414,166
Vendeur 747,166
Vendeur 2286,164
Vendeur 1820,163
Vendeur 2840,163
Vendeur 1962,162
Vendeur 2748,162
Vendeur 2832,162
Vendeur 2451,161
Vendeur 2742,161
Vendeur 2911,161
Vendeur 2509,160
Vendeur 2508,159
Vendeur 2547,159
Vendeur 2786,159
Vendeur 1622,158
Vendeur 2158,158
Vendeur 2467,157
Vendeur 2650,157
Vendeur 922,157
Vendeur 2648,156
Vendeur 1797,155
Vendeur 1949,155
Vendeur 2815,155
Vendeur 2298,154
Vendeur 339,154
Vendeur 1540,153
Vendeur 2750,153
Vendeur 852,152
Vendeur 1065,151
Vendeur 2543,151
Vendeur 2458,150
Vendeur 2628,150
Vendeur 2697,150
Vendeur 2873,150
Vendeur 1771,149
Vendeur 1907,149
Vendeur 2264,149
Vendeur 2589,149
Vendeur 2633,149
Vendeur 2586,148
Vendeur 1427,147
Vendeur 1638,147
Vendeur 2382,146
Vendeur 2674,146
Vendeur 2704,146
Vendeur 1051,145
Vendeur 2489,145
Vendeur 2029,144
Vendeur 2920,144
Vendeur 2048,143
Vendeur 2910,142
Vendeur 2265,141
Vendeur 2615,141
Vendeur 2671,141
Vendeur 2588,140
Vendeur 2172,139
Vendeur 1973,138
Vendeur 2417,138
Vendeur 2500,138
Vendeur 1972,136
Vendeur 2559,136
Vendeur 626,136
Vendeur 2421,135
Vendeur 2846,135
Vendeur 2156,134
Vendeur 2636,134
Vendeur 2215,133
Vendeur 2706,133
Vendeur 2789,133
Vendeur 2867,133
Vendeur 1948,132
Vendeur 1955,132
Vendeur 2063,132
Vendeur 2538,132
Vendeur 1642,130
Vendeur 2407,130
Vendeur 2881,129
Vendeur 2907,129
Vendeur 2102,128
Vendeur 2803,128
Vendeur 2902,128
Vendeur 1759,127
Vendeur 2374,127
Vendeur 2428,127
Vendeur 2703,127
Vendeur 1477,126
Vendeur 2702,126
Vendeur 2021,125
Vendeur 2227,125
Vendeur 1313,124
Vendeur 2529,124
Vendeur 2733,124
Vendeur 2779,124
Vendeur 1381,123
Vendeur 2476,123
Vendeur 2819,123
Vendeur 2643,122
Vendeur 2713,122
Vendeur 694,122
Vendeur 2646,121
Vendeur 2791,121
Vendeur 2818,121
Vendeur 1571,120
Vendeur 2393,119
Vendeur 2644,119
Vendeur 2632,118
Vendeur 2921,118
Vendeur 729,118
Vendeur 1146,117
Vendeur 2694,116
Vendeur 2558,114
Vendeur 2599,114
Vendeur 2876,114
Vendeur 1587,112
Vendeur 1903,112
Vendeur 2326,112
Vendeur 2409,112
Vendeur 2475,112
Vendeur 2562,111
Vendeur 2688,111
Vendeur 1770,110
Vendeur 2024,110
Vendeur 2431,110
Vendeur 2924,110
Vendeur 2744,109
Vendeur 2875,109
Vendeur 2535,108
Vendeur 2557,108
Vendeur 2768,108
Vendeur 2443,107
Vendeur 2884,107
Vendeur 1398,106
Vendeur 2480,106
Vendeur 2005,105
Vendeur 1047,104
Vendeur 2336,103
Vendeur 2603,102
Vendeur 2720,102
Vendeur 2903,102
Vendeur 2433,101
Vendeur 2922,101
Vendeur 2764,100
Vendeur 569,100
Vendeur 2569,99
Vendeur 898,99
Vendeur 732,98
Vendeur 2479,97
Vendeur 2580,97
Vendeur 2678,97
Vendeur 2805,97
Vendeur 2841,97
Vendeur 2380,96
Vendeur 2248,95
Vendeur 2359,95
Vendeur 2890,95
Vendeur 2430,93
Vendeur 2418,92
Vendeur 1404,91
Vendeur 1835,91
Vendeur 2541,91
Vendeur 2620,91
Vendeur 1159,90
Vendeur 1327,90
Vendeur 1738,90
Vendeur 2425,90
Vendeur 2859,90
Vendeur 1791,89
Vendeur 2808,89
Vendeur 2679,88
Vendeur 1554,86
Vendeur 2342,86
Vendeur 2700,86
Vendeur 1091,85
Vendeur 2699,85
Vendeur 2719,85
Vendeur 2887,85
Vendeur 2597,84
Vendeur 2634,84
Vendeur 1395,83
Vendeur 1790,83
Vendeur 2587,83
Vendeur 1777,82
Vendeur 2232,81
Vendeur 1545,80
Vendeur 1699,80
Vendeur 2690,80
Vendeur 2782,80
Vendeur 2372,79
Vendeur 2680,79
Vendeur 2785,79
Vendeur 1778,78
Vendeur 1943,76
Vendeur 2869,76
Vendeur 2912,76
Vendeur 1978,75
Vendeur 2767,74
Vendeur 1101,72
Vendeur 1211,72
Vendeur 1468,72
Vendeur 1293,70
Vendeur 1747,70
Vendeur 2663,69
Vendeur 2822,69
Vendeur 2898,69
Vendeur 1136,68
Vendeur 1195,68
Vendeur 2521,68
Vendeur 2847,68
Vendeur 835,68
Vendeur 2762,67
Vendeur 2829,67
Vendeur 1018,66
Vendeur 1957,66
Vendeur 2463,66
Vendeur 2926,66
Vendeur 1560,65
Vendeur 2165,64
Vendeur 2882,64
Vendeur 2915,64
Vendeur 2778,63
Vendeur 2238,62
Vendeur 2710,61
Vendeur 1823,60
Vendeur 2023,60
Vendeur 1204,59
Vendeur 1995,59
Vendeur 2064,59
Vendeur 866,59
Vendeur 2335,58
Vendeur 2715,58
Vendeur 2552,56
Vendeur 2222,55
Vendeur 2439,55
Vendeur 2865,55
Vendeur 2756,54
Vendeur 1849,53
Vendeur 2770,53
Vendeur 1245,52
Vendeur 2738,52
Vendeur 2874,52
Vendeur 2758,51
Vendeur 2176,50
Vendeur 2901,50
Vendeur 2565,49
Vendeur 2722,49
Vendeur 2189,48
Vendeur 2499,48
Vendeur 2790,48
Vendeur 2897,48
Vendeur 2886,47
Vendeur 2817,46
Vendeur 2263,45
Vendeur 2334,45
Vendeur 2739,44
Vendeur 2530,43
Vendeur 2660,43
Vendeur 2868,43
Vendeur 2774,41
Vendeur 1367,39
Vendeur 2233,38
Vendeur 2568,38
Vendeur 2855,38
Vendeur 2919,36
Vendeur 2854,35
Vendeur 1632,34
Vendeur 1853,32
Vendeur 1956,32
Vendeur 2928,31
Vendeur 2252,29
Vendeur 2497,28
Vendeur 2918,26
Vendeur 2929,26
Vendeur 2685,24
Vendeur 1647,23
Vendeur 1864,22
Vendeur 2894,20
Vendeur 2329,18
Vendeur 2788,10
Vendeur 2548,8
Vendeur 2598,3
