seller_id;seller_name
ZWM05J9LcBSF;Vendeur 1
IjlpYfhUbRQs;Vendeur 3
77p2EYxcM9MD;Vendeur 4
jWzS0ayv9TGf;Vendeur 5
l1pYW6GBnPMr;Vendeur 6
XePbD5Ocm6Yk;Vendeur 7
ftbUjJ6Gsazg;Vendeur 8
RKad98cTxhSb;Vendeur 9
K0qPVGdA91KO;Vendeur 10
2a07LobkzHUx;Vendeur 11
coi9xkdo66JI;Vendeur 12
cijw7pZK3THP;Vendeur 13
1DpugyRBC5sk;Vendeur 14
V74ci3dl1Npa;Vendeur 15
V8Stg8HdXCTe;Vendeur 16
2IxTbqKqgUdA;Vendeur 17
Wk0JznmZOo6h;Vendeur 18
RsUgQvBvc24M;Vendeur 19
5Tuxay3bG3t7;Vendeur 20
STj3c88kfxpu;Vendeur 21
VnAPb1lEZYQ6;Vendeur 22
tYbtiPwsAhmw;Vendeur 23
YVBAT3QqF9Qj;Vendeur 24
r7VxefoTVHbb;Vendeur 25
O04i82YS0uAJ;Vendeur 26
qeM9i4J3ypy2;Vendeur 27
V3iKL8r9W9NR;Vendeur 28
OkFthMYQJf3H;Vendeur 29
fBHtndjqwueV;Vendeur 30
9fFFM6RBxCkT;Vendeur 31
FRAkUwkY4tZy;Vendeur 32
yfNN6zuwypOw;Vendeur 33
3Q4DoxWsVAXa;Vendeur 34
oI8R7WsNWWBc;Vendeur 35
ShJbjTW0ZGor;Vendeur 36
OnC6iPAbNc8Z;Vendeur 37
rFT13UJuGo0Q;Vendeur 38
sdO4rR2udeZV;Vendeur 39
5Ja2lH0N2OZt;Vendeur 40
UOGIrJtSldvd;Vendeur 41
0Mzbc3aACMOQ;Vendeur 42
B025lNndXwWx;Vendeur 43
EGpv4plsYpt1;Vendeur 44
TAkMUTMwlNUw;Vendeur 45
BUqNP64b1AeL;Vendeur 46
ozjiHoSKwUks;Vendeur 47
xbr8ZnHWrWgb;Vendeur 48
XLxN4hdOlYco;Vendeur 49
AHG0TE6bRNNY;Vendeur 50
3cqSxyYyqpx6;Vendeur 51
9OW1ODEpHxLL;Vendeur 52
CQsufpmy1WxU;Vendeur 53
zyhKQqd3kGqW;Vendeur 54
ElULPWS11hxk;Vendeur 55
XoReeOEjvEuw;Vendeur 56
dQCmV6mcOXGX;Vendeur 57
16pMg4KJ3hIj;Vendeur 58
3t74Pe6EQyNu;Vendeur 59
vmUdCiLPoz75;Vendeur 60
lAnSOSAjk3Uz;Vendeur 61
cjilIa8d2RUG;Vendeur 62
Fh5z5uvA4neX;Vendeur 63
uhfmBPCbZg6B;Vendeur 64
ruq0u2ZpAMDr;Vendeur 65
DHOPtCppeECW;Vendeur 66
oqejBC0typqo;Vendeur 67
nOpV5DDruGvj;Vendeur 68
ZsDn106jXrgr;Vendeur 69
oGYw3FCx0i23;Vendeur 70
n3xQr5wHpHRX;Vendeur 71
p7zV0UTQOu6w;Vendeur 72
vxQT8FlJeDdN;Vendeur 73
TJ6FVACdM0WN;Vendeur 74
aeWbd3M28ShO;Vendeur 75
HQ4j3Fr6B61e;Vendeur 76
kiirS0of7bJI;Vendeur 77
zhKBSmYNDuJd;Vendeur 78
60CZvBJuXsud;Vendeur 79
SdNJoEI8fcgb;Vendeur 80
8cMMpAAFEsxE;Vendeur 81
luzDO2kXE6wp;Vendeur 82
EZcvC15JiPPz;Vendeur 83
TuPm19CMKvrM;Vendeur 84
OOPkZSte8kf6;Vendeur 85
DAXcLJj7W7BQ;Vendeur 86
3jwvL6ihC45G;Vendeur 87
dwcf0d2KopFX;Vendeur 88
ErNdnCxofJMU;Vendeur 89
wieAWPlzjuX4;Vendeur 90
CdW7Qr5M6GEr;Vendeur 91
v4i9GZGfxgTZ;Vendeur 92
TBkUw9PKrND5;Vendeur 93
nQlmkVGs3xYh;Vendeur 94
T5TAziawiIyq;Vendeur 95
73jr4z4JJLzT;Vendeur 96
hmS6KkvxMbyF;Vendeur 97
A7s2wiNKJ3HW;Vendeur 98
nyvgAgymNBCt;Vendeur 99
evGTHuQm4wMZ;Vendeur 100
ItYhqrkUww7D;Vendeur 101
QfFj9NCYpfLN;Vendeur 102
KERtsZxD9Phy;Vendeur 103
bd8RhBYu7arp;Vendeur 104
X5fhqRmuvQ9Z;Vendeur 105
UmQttOWjmUMt;Vendeur 106
vufOqLeaCfeU;Vendeur 107
pgzEZp7qYHHI;Vendeur 108
qc8HaReZKfQJ;Vendeur 109
vlLUp3U56e8x;Vendeur 110
R7nUkxgwW9FO;Vendeur 111
JZPhFrxpqDgz;Vendeur 112
BiC0o6ItMJLl;Vendeur 113
yHsOFiqVrV1u;Vendeur 114
7qJpsaaCZOk2;Vendeur 115
Cyl6PGvB25KG;Vendeur 116
nt1w9AssyxfU;Vendeur 117
DhnYfWO3PJ5F;Vendeur 118
9T57uT5NnFAO;Vendeur 119
l7dKfvHZDuWA;Vendeur 120
EqPcJSwcfSMn;Vendeur 121
JewlcaWRwb2n;Vendeur 122
0pPOelafmUDD;Vendeur 123
uWD9LoTnGKSE;Vendeur 124
IfkTaAAVww4a;Vendeur 125
3FRwW3adXzn7;Vendeur 126
g6AdzghqF6DD;Vendeur 127
XbKPeGD7lJ5P;Vendeur 128
2jTASjIU2rIf;Vendeur 129
k6Ksam5fmXKf;Vendeur 130
yGbPyLPc8PmT;Vendeur 131
EhsTzampIuzr;Vendeur 132
WPmASwhpqDlG;Vendeur 133
NFarHrNhIIbP;Vendeur 134
Hvqvzx84Y4bC;Vendeur 135
VJ5Szmsf2dUQ;Vendeur 136
eOhcPgdVKUYw;Vendeur 137
vJf4Jmjx31y3;Vendeur 138
AvTLykupHOIB;Vendeur 139
zPSCpHFnSfys;Vendeur 140
KH9VVC2iPaCb;Vendeur 141
CmIOujRnGWTM;Vendeur 142
DQDmbEDffCF1;Vendeur 143
V5WynwQkZECV;Vendeur 144
i4BuPduAnCgp;Vendeur 145
3vJjXqgh2x7U;Vendeur 146
b2InQWWq6Kwc;Vendeur 147
YlP5976VHgAM;Vendeur 148
kJEFisr2CqPX;Vendeur 149
2a51UHcJkdrn;Vendeur 150
HPuxRyj1uNUP;Vendeur 151
SgeUigb5Vbiv;Vendeur 152
nVtBfuY353m5;Vendeur 153
hJJrlnX2dOy7;Vendeur 154
EfrTKO2PD11W;Vendeur 155
7nCOghlVSEPV;Vendeur 156
xeWVu6d99qTQ;Vendeur 157
cUn7dujqBetE;Vendeur 158
CJEiRDPhUtti;Vendeur 159
f9tu6ULae8aj;Vendeur 160
GwHrbZ3UqSSL;Vendeur 161
mFvZj7UmZKhl;Vendeur 162
7KovPWNcMm5O;Vendeur 163
TKLLXSshsm0b;Vendeur 164
HaUIinFOemaU;Vendeur 165
TS138RFieWKn;Vendeur 166
ZNVgXvCvMqkS;Vendeur 167
wHLrHzu1U5IX;Vendeur 168
zgxmymXtWiKO;Vendeur 169
I4ffj2osK42R;Vendeur 170
QZGYZHmzukoV;Vendeur 171
4cJY064rRFhL;Vendeur 172
FhUPbC0FEzRW;Vendeur 173
eV7Woul7454D;Vendeur 174
XPkCncVxF7So;Vendeur 175
COsMF55fuZCX;Vendeur 176
tjn9TXOjEGlU;Vendeur 177
ARNPJQjYTDDb;Vendeur 178
ww2Z1B2PFAzV;Vendeur 179
2cg7E5j1pzxq;Vendeur 180
cdFuckm1t0Np;Vendeur 181
RahwCaIfXjEq;Vendeur 182
i2VPd2aaDnzs;Vendeur 183
UCE3Mf4XAd26;Vendeur 184
4Qi71ZsjOJIX;Vendeur 185
csm5h2FrAugl;Vendeur 186
taFg55N5hMKg;Vendeur 187
0LjmES9V5fHW;Vendeur 188
4YvZWfI3A03T;Vendeur 189
rTKC7c3Tt984;Vendeur 190
xaLgBgfNFMTD;Vendeur 191
yJ785hbwK2Jx;Vendeur 192
78sV6I5nExj0;Vendeur 193
CutJkKSkib8L;Vendeur 194
5IpSxnKVJPkj;Vendeur 195
JcRdnPnWEDp7;Vendeur 196
nGUM92Z4IKz7;Vendeur 197
ENekhljjhevR;Vendeur 198
nKBsxjDoWKEM;Vendeur 199
5FAQ2DFjXxv9;Vendeur 200
pifcdMtycken;Vendeur 201
ThIpLZLmtOK2;Vendeur 202
56DLys9ECuwq;Vendeur 203
tNJnfkCxzhmN;Vendeur 204
j6ZQXHPSPppN;Vendeur 205
6SEfGu8XEXxz;Vendeur 206
LLty41IbV7xo;Vendeur 207
I1tzIpbuBorJ;Vendeur 208
P2nCHWuo0HC0;Vendeur 209
ZdLx9hwnjpgD;Vendeur 210
lTpUZrtW5FYQ;Vendeur 211
8nCo4Zb12mDs;Vendeur 212
bl8PTwqK0kvN;Vendeur 213
EGW4UK5bOeEZ;Vendeur 214
zpQceiYC8hxu;Vendeur 215
KJSPZgE59agU;Vendeur 216
eVS6MuExSoto;Vendeur 217
2Vzr14MB7bRD;Vendeur 218
WTbhLip6Y9IF;Vendeur 219
NPzG9GmZi6FT;Vendeur 220
Ien7ENq4obAW;Vendeur 221
jr5h8sSfCvnb;Vendeur 222
QwTHQ3NRUJGs;Vendeur 223
SCwRXazloJwH;Vendeur 224
YYXMiqTJbeNf;Vendeur 225
kCGmKvmZymjH;Vendeur 226
mfE47TAJF4NL;Vendeur 227
7OKhjPME8ZK3;Vendeur 228
r9PPtLpzZVdj;Vendeur 229
Q9BvUkqlp6Vc;Vendeur 230
NFUo7mzHc8co;Vendeur 231
VyDYXaRCd51S;Vendeur 232
q1Q2n7nr6h9B;Vendeur 233
R4J11JRqtn5M;Vendeur 234
eAcHTmATevNi;Vendeur 235
Dq9vmUTxeFxh;Vendeur 236
fUYjegBdHGtn;Vendeur 237
quRHu0B8Aaes;Vendeur 238
JuuJEhRiu7Rk;Vendeur 239
V0koygjO8uRW;Vendeur 240
INwQcGqoPZrs;Vendeur 241
KMUPLmVqQPcw;Vendeur 242
Zj36u9uWzYUi;Vendeur 243
Ko3LWNo5BK3H;Vendeur 244
v7C619QzbXVy;Vendeur 245
WG2pVERAEzeW;Vendeur 246
80PfrXwjDKzL;Vendeur 247
5FvGdji6skxT;Vendeur 248
5YpZRhwM0e0V;Vendeur 249
XetaGofaJgVq;Vendeur 250
oMXaIym2crTL;Vendeur 251
Q2NwKBfUdtHW;Vendeur 252
751gJhUx3od1;Vendeur 253
Z5HZLMEMP8tD;Vendeur 254
dSEHH0pKrdMJ;Vendeur 255
0HbVEHMspxA1;Vendeur 256
ESs66EAdIPaF;Vendeur 257
auOjPE1U7wEB;Vendeur 258
mmCZV9eruyuF;Vendeur 259
pxyYUYfBOHRj;Vendeur 260
O4l9RWEDJzQi;Vendeur 261
ourm5UIVbP1x;Vendeur 262
pmgltuNur5us;Vendeur 263
yWBcmXHhf5dK;Vendeur 264
DaJwquLc9yW8;Vendeur 265
vjJ7Vc2lwVIM;Vendeur 266
XiLZgWSbLbMn;Vendeur 267
ip9eVh4ecstS;Vendeur 268
ROU21YoHXFiH;Vendeur 269
7JtHJ8kiNtes;Vendeur 270
RlOHlMxGbwXj;Vendeur 271
c9lDHwa1ASLS;Vendeur 272
9IoQ4CUO45Pc;Vendeur 273
y58cZren4xNt;Vendeur 274
SixfIXbZXuJK;Vendeur 275
GitjiMgsR0ch;Vendeur 276
tfg2xilCAaac;Vendeur 277
L9QSOaClO6gU;Vendeur 278
qI9UblMbsm1o;Vendeur 279
OfafuCsnlLjb;Vendeur 280
lbmduirZT5rh;Vendeur 281
WC3AzGT7OMa6;Vendeur 282
LSyj0QCn90kY;Vendeur 283
xzmMhXxNkqJ3;Vendeur 284
bI5cDrYjs9Qa;Vendeur 285
BWVUZmCNTZ8B;Vendeur 286
VbREMx1xh7Eb;Vendeur 287
iheur3GszbRN;Vendeur 288
hfLlIKeob5fC;Vendeur 289
QVo9EUjjuncJ;Vendeur 290
1JinMoPQlbPb;Vendeur 291
yxfgQLIrpHFD;Vendeur 292
Nt5IHN1ykkhc;Vendeur 293
BaK7FcpwSSsf;Vendeur 294
lnvB1XSo3zwf;Vendeur 295
jSOhwPWVF2Xx;Vendeur 296
C6WhdSZuLC8r;Vendeur 297
uEFXsCQR7sKo;Vendeur 298
vdQsCEgrH1Nk;Vendeur 299
CPpkJogBZQDx;Vendeur 300
EhGbqP9YcXAn;Vendeur 301
QEcBxg0tQry2;Vendeur 302
EsvBil6864Oa;Vendeur 303
8rHUnSQeQcMj;Vendeur 304
dikNaTlK8yGG;Vendeur 305
IWOf3FsBgQtM;Vendeur 306
QQPx7QOUBZvB;Vendeur 307
8Wa4TXXm4Hcx;Vendeur 308
ux1d7N0zioFv;Vendeur 309
T7OJcZtdnwO5;Vendeur 310
1b6QwEUEjB7M;Vendeur 311
RrhUJPd2xCYy;Vendeur 312
4rtH6c1PSmrF;Vendeur 313
KbKfjMfPEhfC;Vendeur 314
cFovkr5GFkYK;Vendeur 315
p2pT0lF4oGjD;Vendeur 316
regXXvWjzQLh;Vendeur 317
oAZOntQn2tEJ;Vendeur 318
h5jBMl1c5nuX;Vendeur 319
MrnDWxZVVLrO;Vendeur 320
WJRLMLfPKbsX;Vendeur 321
B6xdvm9ZtKUi;Vendeur 322
EmVwqW8hWMQ7;Vendeur 323
fZpDF3uClkkx;Vendeur 324
83mxmvg5Z1d6;Vendeur 325
AYTvmj7w9EFz;Vendeur 326
DLzETaZuC9wr;Vendeur 327
hvsAdyG9JEKS;Vendeur 328
4CUYuEcsAfEP;Vendeur 329
4SRv5bbOf4fh;Vendeur 330
TYjqftf9KoLM;Vendeur 331
BGPWBRIq3VJB;Vendeur 332
Q4lnHFw86sJd;Vendeur 333
AlwaQrfO6sZF;Vendeur 334
XAvti4CVSUQZ;Vendeur 335
hnGt5LdR3vV3;Vendeur 336
hSejNkQSw3i2;Vendeur 337
WPPn7m3D0d3X;Vendeur 338
Q61KIHTxtyMl;Vendeur 339
tijNBaiwsAmy;Vendeur 340
UGCjf2WS6Uvy;Vendeur 341
3qJR4C8RG83p;Vendeur 342
vDmtF6gSG8GP;Vendeur 343
TONxC5aLQqev;Vendeur 344
YhG8GZQWQVB1;Vendeur 345
hDN0gJiFmrgG;Vendeur 346
BFS9XJPapWv0;Vendeur 347
CYe0rVOTbNZ3;Vendeur 348
FGVwTsnkeNNv;Vendeur 349
fHVZ45VKd1Co;Vendeur 350
YRYlK9uqyLE6;Vendeur 351
C2GcnPy9UJtp;Vendeur 352
FBr7bTkcVwez;Vendeur 353
uVKVCckRTJIo;Vendeur 354
mWGOk4pETZyZ;Vendeur 355
MvBLo1GhlfWv;Vendeur 356
lZIni34yuGeQ;Vendeur 357
Y6oJtGnt1biO;Vendeur 358
DZhvc9CfEzyj;Vendeur 359
OuItkm6Hi5Zw;Vendeur 360
VjbLhhR5I7ly;Vendeur 361
c1Dw1Rwr2Qdd;Vendeur 362
1B2xMd2eH2aU;Vendeur 363
6sxwOP5ZryfM;Vendeur 364
0tBoRWzPdf1v;Vendeur 365
a2Z36gRD1w1y;Vendeur 366
m6IJZtqbZBZn;Vendeur 367
2UV2zaeUhNyA;Vendeur 368
Bn0rKfmMycWE;Vendeur 369
J8zCrgNURNmv;Vendeur 370
U6Uiznl9Nen4;Vendeur 371
jzgHP4GCYp8w;Vendeur 372
Hk6sj228ERfx;Vendeur 373
jy8PvSNfK1rA;Vendeur 374
lfRV5qiPQJXi;Vendeur 375
n1qBLUpDVOLU;Vendeur 376
FcrnIEqLCqVq;Vendeur 377
3Alp7oIhUtGc;Vendeur 378
Ld5BbJbgEpJp;Vendeur 379
9gklonWZQLmi;Vendeur 380
xadaQcJkLTmF;Vendeur 381
NRvzBoHSC9e3;Vendeur 382
KyJlfZytZk4Z;Vendeur 383
TRcQ55ynAFlI;Vendeur 384
hLzo2H5Hi4Td;Vendeur 385
0TGBD26I0208;Vendeur 386
skSdK1oNLelu;Vendeur 387
wSZ3480zJ6Ny;Vendeur 388
Ty2rCht628LC;Vendeur 389
OdnRCxXEzI4n;Vendeur 390
79fGAMNBDzTH;Vendeur 391
s9PULoMk80qE;Vendeur 392
rCgkhyqKQ2Fw;Vendeur 393
GfxP5sqbRDOE;Vendeur 394
RNBdBKsXebna;Vendeur 395
MD95fJyKH99j;Vendeur 396
XcISPoiOS37J;Vendeur 397
nhZiNyvHKd8H;Vendeur 398
QgSPgHi2XQs8;Vendeur 399
2QjevWskirjm;Vendeur 400
zXm1l9WjzYX5;Vendeur 401
smK689qrlIx3;Vendeur 402
w2w6JGL2qELj;Vendeur 403
qlWrFf4tJjSk;Vendeur 404
cc5CiZSOFEF6;Vendeur 405
pfZXbw40rEBR;Vendeur 406
Kvozkx4dDVxL;Vendeur 407
Gj8n4P6E111S;Vendeur 408
iyQAZYHN096Z;Vendeur 409
axOhCopVpSxE;Vendeur 410
zgYzopRGJTlj;Vendeur 411
X6sOuk28jDFW;Vendeur 412
XEurPdGwwrtN;Vendeur 413
p2CXmXZgANxg;Vendeur 414
Mhg6gqpiKkO7;Vendeur 415
ouYt3q6fRtrq;Vendeur 416
PajbyLRnTzGg;Vendeur 417
dihwpSHrqtI2;Vendeur 418
lDgTgJkGaleB;Vendeur 419
5jmVaCDVvTba;Vendeur 420
JX4iwTS6jjJU;Vendeur 421
lXgFIHCZtrfT;Vendeur 422
ghsV9MAOkMh7;Vendeur 423
KFJGwhHx3FJX;Vendeur 424
hd6t04omaVjn;Vendeur 425
tzcJQVM5ttUQ;Vendeur 426
WsRRts2emyz6;Vendeur 427
IEyfJqBLbCtG;Vendeur 428
OQQb6MFu21gH;Vendeur 429
RFMenJSKu8hK;Vendeur 430
S0NEanjpRQ0x;Vendeur 431
NwPn61VaD1X6;Vendeur 432
bUwTEGq4Dr3S;Vendeur 433
wzGY5bxLJ24L;Vendeur 434
pAOttUyt5jAq;Vendeur 435
qQu7MxPlBpA3;Vendeur 436
qwUKHSlnwK7p;Vendeur 437
9xdiogxz7kit;Vendeur 438
0P23RFuImtdl;Vendeur 439
RuTOBChetY7Y;Vendeur 440
kT4UPkqxjZhU;Vendeur 441
Poijjq9fTBn6;Vendeur 442
EITVZLhkPyQj;Vendeur 443
k6TefnINF6Kt;Vendeur 444
05nIYpVrMwiz;Vendeur 445
Djfhy4pnkKOC;Vendeur 446
sUbCM3c2gFML;Vendeur 447
MdWxBEep7ZnV;Vendeur 448
n71QJUsiY2v9;Vendeur 449
keIZJltcHwUT;Vendeur 450
XVnGdJv3Q9Ok;Vendeur 451
BnvXJ0H2aMk7;Vendeur 452
e174bRL5ZXBw;Vendeur 453
2u7k61LiSKc4;Vendeur 454
BbnzzKlK68by;Vendeur 455
ToGx1gWc17Gc;Vendeur 456
GXGGgdIiVtUt;Vendeur 457
8CQ9epWunOJD;Vendeur 458
deIZivgltbC0;Vendeur 459
YUyDSmEeROvj;Vendeur 460
QU2s8PFYxrCn;Vendeur 461
sctM1gOcIn3a;Vendeur 462
w64BqIsmpk4u;Vendeur 463
IRFNV9diw97l;Vendeur 464
X9worAU2HZKz;Vendeur 465
wdOTtCDSlUbO;Vendeur 466
YGPAECfdqiAj;Vendeur 467
YerjZTY7wKZq;Vendeur 468
MTCYzcZ3QMv9;Vendeur 469
wocAK2BwMboC;Vendeur 470
gPffp4FvbNru;Vendeur 471
W4vKCv0p63wK;Vendeur 472
Rvum5utfPG0m;Vendeur 473
dPgh591KNQAz;Vendeur 474
sHHmuXxVQj7Q;Vendeur 475
6jGWZLtrj4fF;Vendeur 476
RmqD5Ma4c43j;Vendeur 477
xVaf9S84mIN1;Vendeur 478
tdfnXplX8iPA;Vendeur 479
XLo80zvVWiTR;Vendeur 480
migPLaZui6Op;Vendeur 481
mtGQqVEpW6z5;Vendeur 482
z60iONxaQyao;Vendeur 483
9WT5VvxbxrDN;Vendeur 484
Es0d6f8ONsbK;Vendeur 485
gsjT3buFXEKe;Vendeur 486
1tQXSFyHrsGq;Vendeur 487
TD2AMTmc5Ixg;Vendeur 488
ffUNNLStwOip;Vendeur 489
yrRN2gKIgYet;Vendeur 490
mkWN70fui2ro;Vendeur 491
yWUu6WhwFUAg;Vendeur 492
9glrjePowgzM;Vendeur 493
XIqPY16m4efC;Vendeur 494
cdhcscON47ip;Vendeur 495
r2e5TlYWDPBS;Vendeur 496
KO5ZAQ5NWsGp;Vendeur 497
cUodQhgpRajF;Vendeur 498
yJyItN8uakce;Vendeur 499
sevytuBWdSFl;Vendeur 500
kYHploWLdvqh;Vendeur 501
ISS9Wr4Lvyi0;Vendeur 502
A64LphPIw0tx;Vendeur 503
WeVJcjA8H5qT;Vendeur 504
3FilZnsiTfK7;Vendeur 505
IN3f7GZE7KZ8;Vendeur 506
r1MWgvi27H4g;Vendeur 507
ojNwdeff5jwc;Vendeur 508
eCPE0Ax1Tm9X;Vendeur 509
w44b3CnkAU44;Vendeur 510
Go8YHBAVjLc1;Vendeur 511
qXQo79CrrjZs;Vendeur 512
PYNH4MOEQaXt;Vendeur 513
0kd4nvPqfBUC;Vendeur 514
Ahc5cMpF0T7z;Vendeur 515
PD3ungrnYPg2;Vendeur 516
03udyaVfPg3w;Vendeur 517
q8r1189prXV1;Vendeur 518
WUOUhAYcu4tr;Vendeur 519
KIHrC3FMX5je;Vendeur 520
eDIK6kE1oLyc;Vendeur 521
VZmgxK6ws7Pt;Vendeur 522
dHUHvmn8Gewy;Vendeur 523
dstYPMt8ythh;Vendeur 524
m3ZW0huovPVQ;Vendeur 525
arTmtzFM8Krl;Vendeur 526
3KuTukGXgD7C;Vendeur 527
2HgT2MWHngsN;Vendeur 528
lZI4D3uoNkps;Vendeur 529
tRrZpmzRgo4Q;Vendeur 530
g2syaRzQEltv;Vendeur 531
kmvdMY7Og1bP;Vendeur 532
4nyyi5gifVI6;Vendeur 533
9nUFe6rMkAaw;Vendeur 534
sP2KGNGkyqFD;Vendeur 535
WNQeplAutf3H;Vendeur 536
SEJERBV2ak75;Vendeur 537
vup1HgMM3idm;Vendeur 538
vYu5aYeAvyzz;Vendeur 539
RqR0xDzYYMMJ;Vendeur 540
CNWoEIUkMX7C;Vendeur 541
RgI0dSuH1xBZ;Vendeur 542
rWXE6PCNfQes;Vendeur 543
IHL7YQnnU4LS;Vendeur 544
Pop7GYTjKtm4;Vendeur 545
8mVLKV0XOTsx;Vendeur 546
VEpUiS8q8p8X;Vendeur 547
b4zcM4d4Yza7;Vendeur 548
9pqN3E8r3heO;Vendeur 549
c5SvhEe8chAa;Vendeur 550
xqS6FkG5qqve;Vendeur 551
Nl0pkrY3nMNf;Vendeur 552
zVIBQkWGheJR;Vendeur 553
fPCae5a96bO4;Vendeur 554
gz1LmK5gN4L4;Vendeur 555
hLW5pG3JWHbF;Vendeur 556
Gp2lLacVPwug;Vendeur 557
SSiPMxP6t9t9;Vendeur 558
p5XD2Qh1ZGwx;Vendeur 559
AQc9GKfgidV6;Vendeur 560
6RP6rI6FuNCn;Vendeur 561
pGQkRG4o0zZ9;Vendeur 562
PrJP7ZtLapUo;Vendeur 563
al4fWZ5NFQzG;Vendeur 564
N32MgQgsAb11;Vendeur 565
tCyremdSJmzU;Vendeur 566
D6zDdLEoGkbu;Vendeur 567
UhpjDwOrV0C8;Vendeur 568
Pt4aRXBLReqA;Vendeur 569
1tQEjUJuOyJ8;Vendeur 570
VYAwLo2gLIyv;Vendeur 571
xVqnZmeeaibQ;Vendeur 572
tQFHgEUSAMiP;Vendeur 573
3PpQdsTW6fL7;Vendeur 574
JWYza2OJmoNl;Vendeur 575
6ywUQmf7ylJv;Vendeur 576
QCbCIhV5j7mH;Vendeur 577
4x6Z2AgJ9ya3;Vendeur 578
IGoeQwwK50pZ;Vendeur 579
kBw3x5qFu9VZ;Vendeur 580
MxsQfJ8V3Wj7;Vendeur 581
clVbvqzOTxOm;Vendeur 582
oMX7XDg7PCkP;Vendeur 583
JonABeE9tZJ6;Vendeur 584
cea9IgayLO02;Vendeur 585
pobgyzYI90D3;Vendeur 586
9mUBYR4LiO1Z;Vendeur 587
dMvfk1IQQJPl;Vendeur 588
783CRaGkNtcx;Vendeur 589
u9d4l6WEjhWh;Vendeur 590
D0Jj7j0L6NcX;Vendeur 591
oriyBYKGv0Wg;Vendeur 592
rw8quipJZbHB;Vendeur 593
3EIRvF91uvoZ;Vendeur 594
9gxQOgjadyeX;Vendeur 595
GvHrwGuvlT15;Vendeur 596
gcS6z6tG7R40;Vendeur 597
q9r4WZ0jN1Tr;Vendeur 598
9fjbkM2d4br4;Vendeur 599
HXQwJKuw50PM;Vendeur 600
fV1bInyb7d56;Vendeur 601
qxu7nMEJHHSq;Vendeur 602
F31Tfi1lSpQe;Vendeur 603
BxFCXjoY4962;Vendeur 604
Uhxp4jLBVzJq;Vendeur 605
CvHyF76f3jKZ;Vendeur 606
Wb8Yl1wZLTRB;Vendeur 607
7gwed5kpmNMJ;Vendeur 608
mSwyKbuji5dT;Vendeur 609
4SWsneYKnFcc;Vendeur 610
N5BGxhFNHIz2;Vendeur 611
FDJOy3Tl4fuP;Vendeur 612
J149QTU1F34n;Vendeur 613
vMj1eiZhnQ8K;Vendeur 614
4mKqWzXFLaBt;Vendeur 615
xTzRihyf4Cu3;Vendeur 616
EQF56OgMfGCp;Vendeur 617
YY6LzoDRqCkW;Vendeur 618
QNwKKOA9Ndbm;Vendeur 619
cLUNVSgUkZHq;Vendeur 620
24mjkJMrK51h;Vendeur 621
e04MSACAuPpW;Vendeur 622
tirJVyRNLotd;Vendeur 623
RBdWi3DIG1YZ;Vendeur 624
UsPT5m7V2m8I;Vendeur 625
TM4ZQILvNCTp;Vendeur 626
vyrHk712CMde;Vendeur 627
uJLjpKSWoufn;Vendeur 628
sCTepL6ozkFz;Vendeur 629
sVwxlToTFBSf;Vendeur 630
eeOyklYXIsE8;Vendeur 631
NF2c5KY9GA3R;Vendeur 632
YpvSch1Raxa9;Vendeur 633
YReTDzMVdUUM;Vendeur 634
NSTd0PXlulDm;Vendeur 635
DFhFdU4CT4XR;Vendeur 636
fPb06UMDTWgq;Vendeur 637
VGf596RAXuhp;Vendeur 638
13SGAFbd1P23;Vendeur 639
afDjK0KR8kr6;Vendeur 640
JWgtQz0xDGqu;Vendeur 641
MMZwzUQNh2jY;Vendeur 642
pe0KIg2jr1ZE;Vendeur 643
3FEfMKD9aVSs;Vendeur 644
qMSMJjxggK58;Vendeur 645
yDXyFJchpECr;Vendeur 646
DPsJ7lZS7GnJ;Vendeur 647
6RBm8XoBSX9U;Vendeur 648
CY57aBAJBAzB;Vendeur 649
TTC7gLTt2cie;Vendeur 650
wdkFVpIzRNT3;Vendeur 651
l0RI4DILzhSg;Vendeur 652
wAgnN3eGF2Af;Vendeur 653
fquh40THqSKm;Vendeur 654
P4kjq7WSvXsY;Vendeur 655
EzHQxVQPzo1i;Vendeur 656
9G9sbLy1ABkN;Vendeur 657
fsdM6QZEnGMM;Vendeur 658
YWrRrmqn7vbm;Vendeur 659
yDbf1jfEtqEV;Vendeur 660
wR4cqCClYDyY;Vendeur 661
i1DC4Dxt77fE;Vendeur 662
2ZJaGRSW74BZ;Vendeur 663
H8Ys0YKTGDmJ;Vendeur 664
Mi2ZCclAh7t8;Vendeur 665
J50Vac7VySba;Vendeur 666
qnkmX5a4xiGD;Vendeur 667
uggJQpwKn9uw;Vendeur 668
4j49QGcby0zw;Vendeur 669
QaFphUAb15RL;Vendeur 670
xMppVI8EGynx;Vendeur 671
Kl4apbkJMfTI;Vendeur 672
qdnpFAlJ06nJ;Vendeur 673
ox9BSgKv6wuR;Vendeur 674
EhdxNNRkTARp;Vendeur 675
N6rpW1mKL1wz;Vendeur 676
8m9HeVetQYSy;Vendeur 677
zxuW3NHLZsHD;Vendeur 678
gBgHBTMHA7Lo;Vendeur 679
94l6BertAIx7;Vendeur 680
fY3iUm5eRJsF;Vendeur 681
mAmnfqHkVqSt;Vendeur 682
BWczKEOZMEFy;Vendeur 683
ZpMa0YOz3wfZ;Vendeur 684
bHmT4AGsAi4X;Vendeur 685
aDQK7ytnBMNf;Vendeur 686
BfK8XAwCdM0A;Vendeur 687
UlUXiYGkoYxY;Vendeur 688
e77U7Zk968NA;Vendeur 689
rLxy5GE91xMj;Vendeur 690
IDzNWbxrXbf5;Vendeur 691
iI0tllyqGpka;Vendeur 692
lOhCPYW90ZcM;Vendeur 693
CPSkuWq8D12H;Vendeur 694
csMzjUAJAuAy;Vendeur 695
j9Q3kZXZJ2kw;Vendeur 696
YLyaKG2mxBfu;Vendeur 697
3jo4LaNyJc2x;Vendeur 698
xWeDa6d8k06C;Vendeur 699
AaoKSXhBsNmR;Vendeur 700
B907Fr0zbIbQ;Vendeur 701
Ee4IZ22aaNeX;Vendeur 702
HTnpZKS5vzGQ;Vendeur 703
h4lcTgJTuj7f;Vendeur 704
LNas7hbmEA5F;Vendeur 705
Z9S5GRwNEfwa;Vendeur 706
jxLiTkAeLVWF;Vendeur 707
NQSslzhxLuGx;Vendeur 708
lVjwXH6k4uV9;Vendeur 709
6XDNR2n69Ce6;Vendeur 710
UosUAuHHGEiD;Vendeur 711
NuwLRiZXn8kj;Vendeur 712
yNuJ972zjSM4;Vendeur 713
CIaR1fWMaDLa;Vendeur 714
suRnvK8Z8DQd;Vendeur 715
eoYO9MccUByn;Vendeur 716
Dh93QLIKSHCg;Vendeur 717
no31OmqCal1K;Vendeur 718
wjeGODe1DeCm;Vendeur 719
Pq9pySqpTDe1;Vendeur 720
w2pWYwCYeks1;Vendeur 721
eYSq3CcxqlO4;Vendeur 722
VFzdmXjGhait;Vendeur 723
1Yy6Z1b3bzM0;Vendeur 724
CKIfcCixDvFV;Vendeur 725
FBGg2AnNbjOH;Vendeur 726
2b7PlZKhtVES;Vendeur 727
aXcw1oKsuGGH;Vendeur 728
QLuy5z2KxrwP;Vendeur 729
eCVvpO3y8lid;Vendeur 730
6S5BD1ybM0k0;Vendeur 731
GIH9FZZ1QIYb;Vendeur 732
CHcF5bHLa7jn;Vendeur 733
qnplB5uiTm6l;Vendeur 734
AaksMLzNHqg2;Vendeur 735
2EK6JaJ354rz;Vendeur 736
f9ZjTvStsXQw;Vendeur 737
aIlYn6Pk9NWu;Vendeur 738
WVc7Hh2GPbqq;Vendeur 739
Ek6ADNUZ7ej9;Vendeur 740
2Y33waIXINqR;Vendeur 741
axfSCWP62sgI;Vendeur 742
doOchGaULWzx;Vendeur 743
jMQnN9oqVBf9;Vendeur 744
LWDhDrMk55bN;Vendeur 745
siEaSoSSRIVR;Vendeur 746
fBuarNkVgCer;Vendeur 747
H32Btn9yKh3b;Vendeur 748
0cnXhOqSeYuN;Vendeur 749
Irp7Dmt10BAO;Vendeur 750
7pI0ZQxnrLSy;Vendeur 751
s9Ap66XXdU8V;Vendeur 752
ViycgOZgNXzu;Vendeur 753
pGCmy66sAwT0;Vendeur 754
u3MhLPomw5UN;Vendeur 755
AtrLVfFKyuAA;Vendeur 756
WjEwhmsH2ERN;Vendeur 757
LXWWcZ08ecIP;Vendeur 758
cELl7ZS16z8q;Vendeur 759
2vYpt4cdDFbY;Vendeur 760
S7rg2ZoOV67V;Vendeur 761
lxI2aADgrnyB;Vendeur 762
NUdOrXzYyD7P;Vendeur 763
yltqvkLskQa3;Vendeur 764
huGNV2x4UcKV;Vendeur 765
ssL5o10ng6Eb;Vendeur 766
HvzGUzKY6Y1o;Vendeur 767
QQiQuKnrVLTq;Vendeur 768
kku6xzBYlORI;Vendeur 769
tIDK1g2TMADE;Vendeur 770
Hk1xyF39lt76;Vendeur 771
wzHv2IUDc1Lh;Vendeur 772
bZ34cS1Dgq6i;Vendeur 773
Bf2Vsni9l9DY;Vendeur 774
Ojow6XCkBUQ8;Vendeur 775
wgBH0JYtk2w6;Vendeur 776
vLWjzgEuN5Xb;Vendeur 777
LA88X5ikfeVf;Vendeur 778
vSeA7y6aSStv;Vendeur 779
8DI7e3b3BLAa;Vendeur 780
OatCslTeC5dl;Vendeur 781
WQVVoikIawHa;Vendeur 782
veJj2Fero90V;Vendeur 783
vyQfMrnOngAN;Vendeur 784
qGa0MsnXTfV8;Vendeur 785
TYmHGHwaQ7t8;Vendeur 786
A1tryTmY5bA8;Vendeur 787
MYhFT3ON1PHI;Vendeur 788
XJvsuZl0UKX6;Vendeur 789
NIsZOwBVPMQJ;Vendeur 790
3jC10JF4xtfp;Vendeur 791
UdVwFQugm6dq;Vendeur 792
Ivbw25fb5t2Z;Vendeur 793
f2LfPSvyJjx4;Vendeur 794
7IbYDg6GDP4I;Vendeur 795
giqDC4P2HqKt;Vendeur 796
P4dnkPMPow0j;Vendeur 797
rA6aq9wj3MEo;Vendeur 798
1X9869nA1WYV;Vendeur 799
gdPm2G9oBKoO;Vendeur 800
Z8GEM1THiTjX;Vendeur 801
c0FcuudKIXH5;Vendeur 802
1ikyDIqfbsLY;Vendeur 803
6MAbbnUfDgoY;Vendeur 804
kDbz3z94TeCL;Vendeur 805
ygJs6VPSMZTk;Vendeur 806
7PCnC1zaF6zB;Vendeur 807
CnXSfHVMhUjU;Vendeur 808
dU43gxpbqK7Z;Vendeur 809
h88su6Uf3rrV;Vendeur 810
AS10URtcvnbg;Vendeur 811
d3UkhSmgUAO1;Vendeur 812
RFRASdyOXbvW;Vendeur 813
7oTmhVwoe7pw;Vendeur 814
feSQsHS8muUg;Vendeur 815
BaeEuTG2KNuh;Vendeur 816
6MiWj2HWq9eD;Vendeur 817
8Suz4w265ZQr;Vendeur 818
3ujXEvDXLdVS;Vendeur 819
xlwedf1VX1YA;Vendeur 820
aYpLAc7NKKe7;Vendeur 821
2ggc1jBZayiA;Vendeur 822
wnF6o59qfQ7x;Vendeur 823
ruJhmKntc1UQ;Vendeur 824
dueCajRNsGcT;Vendeur 825
ohSnplkhmSF0;Vendeur 826
hXgSxJTnYOrQ;Vendeur 827
WJYSPUczjuql;Vendeur 828
TgNbWcMN6liP;Vendeur 829
tPNOMqIxsdYf;Vendeur 830
PVpqUXkPBqNh;Vendeur 831
AvQwlyqYYJzi;Vendeur 832
B5hWl6a5gwY5;Vendeur 833
AB7hBpnwGgOt;Vendeur 834
FibDOYX0rjGj;Vendeur 835
DTNUkZU0vTQz;Vendeur 836
BttPpAAYFldO;Vendeur 837
c5IEA7Rb9mm7;Vendeur 838
joxUC1rL2xyY;Vendeur 839
JWbIVhZWLRMP;Vendeur 840
uHhpOBmvWDav;Vendeur 841
gOXSqNyCHHwE;Vendeur 842
cM8nmqRkF30X;Vendeur 843
Y05S2sZbYyUe;Vendeur 844
PHpgfaOYXNWz;Vendeur 845
nNSNNUDGwFQh;Vendeur 846
DZSvHbA4bCCS;Vendeur 847
bBHnz1kd1Z8f;Vendeur 848
fl6zrmhWGfMz;Vendeur 849
SZ3mn0pGelM8;Vendeur 850
fB7DhY9hwBnO;Vendeur 851
ugrcAZo33ZJu;Vendeur 852
s4wmW73tfAt9;Vendeur 853
Lh7bXhcxjOcs;Vendeur 854
APaFMik2IGru;Vendeur 855
K41B7oZnUZDe;Vendeur 856
0G3Q4xIWFhMg;Vendeur 857
Rz3CEzEGjSSK;Vendeur 858
QJ3gwfhIcqes;Vendeur 859
1svDQkmb2Knh;Vendeur 860
yKLv906bPfTs;Vendeur 861
BNMDH5cri8N5;Vendeur 862
oVcKC1oV6TfX;Vendeur 863
2mu4r7QrpHur;Vendeur 864
drTVXhMYok4r;Vendeur 865
lnnTLVPDk4gP;Vendeur 866
XsyJ9fitrt63;Vendeur 867
GiBZiQ48BtQe;Vendeur 868
IVBmMqVXGzPj;Vendeur 869
YRRzoYYlcm7A;Vendeur 870
TaB5iC3TPJz6;Vendeur 871
7lyNcFhIeFb8;Vendeur 872
EBCOslQX8yVA;Vendeur 873
MkfZXJnyf2aL;Vendeur 874
XtMe6nOWLmYg;Vendeur 875
W0eFCV4DQ2OM;Vendeur 876
On7VyJbjT6UV;Vendeur 877
14AIqEsZssES;Vendeur 878
0IrmNDkZ8lJi;Vendeur 879
wbaHeRwa4nwi;Vendeur 880
kLYKxlsghmPL;Vendeur 881
N0UQFx78rjS5;Vendeur 882
2QLSf7Kgi2WU;Vendeur 883
Sxff4PDBw1XG;Vendeur 884
ZwPs6shk3lvP;Vendeur 885
gfYgJwNqlPCJ;Vendeur 886
lE80LvZqGUwx;Vendeur 887
J8unLpEsTK44;Vendeur 888
mjHien0dmjP0;Vendeur 889
kuf0AKEb35Ae;Vendeur 890
FlYmRQLYPlRf;Vendeur 891
GlLj704QXlDB;Vendeur 892
bgjDgOSuQsll;Vendeur 893
ZSWs1VdRa2de;Vendeur 894
VMcUj3BxBji6;Vendeur 895
ar9fyUWQdhkb;Vendeur 896
b3SoewU6xyeZ;Vendeur 897
g7gRmveAN07R;Vendeur 898
B06gM7cMFTcM;Vendeur 899
JnBNiGbt4dPz;Vendeur 900
x7dLy2nN7QGy;Vendeur 901
jcGSXQvdyg7M;Vendeur 902
VbjjOcDj2sUH;Vendeur 903
dxDwXfkddQX6;Vendeur 904
WIbBCDW83QDl;Vendeur 905
WlyCKFEd8P2W;Vendeur 906
sCFB5ngSqQzf;Vendeur 907
dJLvQvaCyjGm;Vendeur 908
Lwh7PLab3uBe;Vendeur 909
aJGB4B9Fdggp;Vendeur 910
Rfeq19yDD0ad;Vendeur 911
XKEYcualTYnU;Vendeur 912
GfHYhMBLLdWs;Vendeur 913
s4K5y6IVs6jL;Vendeur 914
7ChBS5ebVsQ2;Vendeur 915
kjxg8iwrBzpD;Vendeur 916
QE9wiuh5KNOG;Vendeur 917
MzglQpTRHvOK;Vendeur 918
9qiA0OeCYlmh;Vendeur 919
jGUR0LXWvEvV;Vendeur 920
pPivZynq4Uf2;Vendeur 921
gq8n14VQUC6O;Vendeur 922
UjcKsvgC0OiM;Vendeur 923
gmJ10puzztav;Vendeur 924
iuyMl9KgXugg;Vendeur 925
pvlDoYuoYHFt;Vendeur 926
vwVkix1BWWJ9;Vendeur 927
hhOK3LtAiYO1;Vendeur 928
pfCZGQecpmVw;Vendeur 929
y1aymGYHS851;Vendeur 930
XnHBdsXhjHM7;Vendeur 931
bu2EKHvmaQw3;Vendeur 932
85SkCXU1pYAh;Vendeur 933
0la80NIAHNZZ;Vendeur 934
9BKNKmCqu7Ga;Vendeur 935
d9sG8w2lJW3v;Vendeur 936
GCpOQODXyoev;Vendeur 937
qxrGQWnncrge;Vendeur 938
Q7KPZkDolYKN;Vendeur 939
hB0eH2oAUtkk;Vendeur 940
cSZDKwrQZNP9;Vendeur 941
3iCpHGLu1n7h;Vendeur 942
sfP4huRrus5e;Vendeur 943
0cZYf13ssPdF;Vendeur 944
kgReNS4rkFLs;Vendeur 945
z7LClRKBnKcO;Vendeur 946
XJ84yr38Bcnt;Vendeur 947
V15yYSGTt7kt;Vendeur 948
VRzFJY5Ghhog;Vendeur 949
XUX2tgnJxsQD;Vendeur 950
H1PX1zwwUTN6;Vendeur 951
CqBlDSKvUbJ2;Vendeur 952
Th4bn9IrLNod;Vendeur 953
2rMpyCyw7h88;Vendeur 954
va3iGyjj4VVz;Vendeur 955
rH2EKLLsqvkB;Vendeur 956
BMc5bfmEegmA;Vendeur 957
aQpNQZTBtv6o;Vendeur 958
M6TixOZBMyqh;Vendeur 959
vSZb7TLiRrtf;Vendeur 960
KlMpKVvl8Vgq;Vendeur 961
9hrosJpQLxRs;Vendeur 962
5iSGJ4lNi64X;Vendeur 963
GzhXw6dOOJKc;Vendeur 964
DhOFgy6nJKSC;Vendeur 965
y2wUonMtvOnt;Vendeur 966
SiOflEh21A2H;Vendeur 967
HB4XzKDHA6hq;Vendeur 968
QJqtwyqcLSPb;Vendeur 969
LBEoQfjEp2pO;Vendeur 970
Kr8NNcGKvIKp;Vendeur 971
pyXrjDlA75sV;Vendeur 972
jM0P4htO7FcM;Vendeur 973
J9nFmQPlqFmE;Vendeur 974
OJlIxckGoqY1;Vendeur 975
EZZCNVOVjDlq;Vendeur 976
S90X9Xu5i9LT;Vendeur 977
Zl5cm1PXG0Wm;Vendeur 978
4kdEv1FpyZmY;Vendeur 979
yb5pVyCcejGS;Vendeur 980
elOz7hGMAfs7;Vendeur 981
gOTm7A8UNDlQ;Vendeur 982
3hxLpogKUphW;Vendeur 983
QBnqN8st5If7;Vendeur 984
GU1IRg0p4O0N;Vendeur 985
y1C1H4HpmiXU;Vendeur 986
WISJVlNik8xN;Vendeur 987
Xe318zC3oc0t;Vendeur 988
M0n5yinRAcM6;Vendeur 989
zhfqHH2Tkc7w;Vendeur 990
nJwleC4aA6Qu;Vendeur 991
87VookI9y1zr;Vendeur 992
wM1mqnqet0rU;Vendeur 993
EMMfhA1qSVMb;Vendeur 994
Izazx5OLdwb0;Vendeur 995
gihEWVf0rQH9;Vendeur 996
cnRUSXBmaGmE;Vendeur 997
3mO6GyZzHTGP;Vendeur 998
ImomkSifOhRo;Vendeur 999
OEjbAH9LZF2D;Vendeur 1000
8LI433LuGPcs;Vendeur 1001
GSk3Uky4sDCl;Vendeur 1002
vK5PLZFRQPnm;Vendeur 1003
GyQzkyOEmhtg;Vendeur 1004
AH69qRLfrouJ;Vendeur 1005
CtMK6S22nUfY;Vendeur 1006
nEm2wMkkozAX;Vendeur 1007
91pD0uylgwzW;Vendeur 1008
kqZYwfIO6q9L;Vendeur 1009
QUdLxWDyxtsP;Vendeur 1010
9s3lcgyWSMeu;Vendeur 1011
XDUcHHAatIrl;Vendeur 1012
jzWG2ZFoNP3V;Vendeur 1013
y6iuxW9uP2Ue;Vendeur 1014
ifxCRnLMwwNK;Vendeur 1015
1uG631x4Aonr;Vendeur 1016
yvUEFO3OhNk6;Vendeur 1017
ahDkPRdnpz22;Vendeur 1018
Tun7SeGTr8Bh;Vendeur 1019
1UrSrrsGE1v8;Vendeur 1020
D2CloMzrukOY;Vendeur 1021
W94sb8054CmB;Vendeur 1022
4JfBsw8nXPBg;Vendeur 1023
KglG11I7GwM2;Vendeur 1024
QkN2qX3Q1rbb;Vendeur 1025
dzlqTekhkWoz;Vendeur 1026
ER8FZFwxIvYa;Vendeur 1027
kn4yYPtyjMnI;Vendeur 1028
Sw86en7yweGi;Vendeur 1029
fCfNS3YR5pBk;Vendeur 1030
fogTUMlhLN1c;Vendeur 1031
S6wdYSU1UPWL;Vendeur 1032
X5CIEdZN8XUU;Vendeur 1033
2ES2pcjMcu3D;Vendeur 1034
XBdVUnz7f6mw;Vendeur 1035
8k0MN1tD94EB;Vendeur 1036
CmuvJSvvdP6e;Vendeur 1037
HljohwE7cw50;Vendeur 1038
7aCGgNx3FvdH;Vendeur 1039
wmDGqSw3Lku4;Vendeur 1040
EQF0oFKma2fD;Vendeur 1041
ZYtbaaPNs62Q;Vendeur 1042
H9zNFo1KjoSp;Vendeur 1043
sK0zZtP1IXlv;Vendeur 1044
MSZeJezPaqlU;Vendeur 1045
MsRnDzEoIgmI;Vendeur 1046
PDSTi0ZLH6ek;Vendeur 1047
eQPwMkDRktrC;Vendeur 1048
PyK6VGguF6Eo;Vendeur 1049
cYJkVT6fDynQ;Vendeur 1050
bdjI0J8M1mH9;Vendeur 1051
FsWrEqFv9trn;Vendeur 1052
GkCWRPoKe50z;Vendeur 1053
xfs7JMlCE2QZ;Vendeur 1054
SoxXnmT4dyoq;Vendeur 1055
zs9NByr1YxwD;Vendeur 1056
euGLScUuOEbR;Vendeur 1057
Fvlm1I7CAQnv;Vendeur 1058
1xfHf0FSEHYm;Vendeur 1059
rHOivRao9zF1;Vendeur 1060
r63I6XemifjM;Vendeur 1061
LDwBM8FTDl45;Vendeur 1062
RVYhMp9SYXjk;Vendeur 1063
4YcgcZ3R8f8q;Vendeur 1064
PQrAggggGihm;Vendeur 1065
c1xJpMtzvsqP;Vendeur 1066
XURInBuULfIO;Vendeur 1067
qyQQBBHPmKZe;Vendeur 1068
fY0FSLbdUopU;Vendeur 1069
yXrB7b2yPYbJ;Vendeur 1070
CnKPp1VuEALN;Vendeur 1071
jH5ln5T5LFOi;Vendeur 1072
7O1D7hGcPvl6;Vendeur 1073
kBxE14RKcdCP;Vendeur 1074
iAHv4pnPzV5r;Vendeur 1075
VsmJVMNtf5u9;Vendeur 1076
AmYLCYoHSaZ8;Vendeur 1077
olJ9Vx6j3yjJ;Vendeur 1078
fAjmSvbZGHqr;Vendeur 1079
vPU858bFmYdO;Vendeur 1080
aBpnRUd80WX0;Vendeur 1081
QxxjNt2yQvcI;Vendeur 1082
XRWMeN2dAGds;Vendeur 1083
eEcHlEtfVKrC;Vendeur 1084
YZEaej3gse9q;Vendeur 1085
hZZnwRdyPwuz;Vendeur 1086
olv2giLOoMuz;Vendeur 1087
79i3uW0ev518;Vendeur 1088
9I5hboJXGNtG;Vendeur 1089
wLOH5A5BKkRK;Vendeur 1090
mTyIhVOgsH9h;Vendeur 1091
RHli1AhbybY9;Vendeur 1092
8B65Xxmh9QhA;Vendeur 1093
VvmFUE9QFqAk;Vendeur 1094
1UBbfTkC9FVR;Vendeur 1095
QUQxV1OQ4enE;Vendeur 1096
0q4vSgMUGbNP;Vendeur 1097
zAlt4DOYUAdP;Vendeur 1098
Ut4TYHjqVpOf;Vendeur 1099
N3mXcgGOiRpF;Vendeur 1100
uzHNB354dHwV;Vendeur 1101
G0dn1THyQchj;Vendeur 1102
uU48QiTN5rwG;Vendeur 1103
YZFX703gR92v;Vendeur 1104
wYEsFwaY8Gxa;Vendeur 1105
kHU7Og1FfJQN;Vendeur 1106
zqbUX8rMPFCv;Vendeur 1107
8uubNbtNYdIT;Vendeur 1108
ZFqfQo19ObiI;Vendeur 1109
l9QnrxMcO4tI;Vendeur 1110
pGgC36ZMWTj8;Vendeur 1111
SqyA6xr3t98s;Vendeur 1112
CeQVeM8DRYiN;Vendeur 1113
vi8Ik0HzNdbN;Vendeur 1114
8NRu71xuHwbR;Vendeur 1115
h2vUJBA61ULk;Vendeur 1116
hwsU0uehZSnI;Vendeur 1117
fdzqBJYl6Pc6;Vendeur 1118
r2mysH4g4Ywp;Vendeur 1119
RZd60bQiKL88;Vendeur 1120
3cNydxlqQDMV;Vendeur 1121
CMD3ivLJPYFq;Vendeur 1122
fvoKM6Me6D8f;Vendeur 1123
bqC45dWiw5Wj;Vendeur 1124
J8pjJ0I3T86K;Vendeur 1125
7afyCfXk0O0m;Vendeur 1126
n3tarXou46WK;Vendeur 1127
Six0iLhdF6CB;Vendeur 1128
JvaeHOfhgTtB;Vendeur 1129
vozTKf0tG9Yi;Vendeur 1130
72mgEDdAamG4;Vendeur 1131
EUbuJdKJA0gL;Vendeur 1132
4dCTuSwggSGX;Vendeur 1133
ooxpSR1n0f6R;Vendeur 1134
NlBeA10r2EtC;Vendeur 1135
DdyHoAPctWzb;Vendeur 1136
c5bdVHLhgVl1;Vendeur 1137
B90f0fk7Cqgj;Vendeur 1138
SObJ1aGTvCYx;Vendeur 1139
2RAomcA7MaVK;Vendeur 1140
FA3dyMVqpbKV;Vendeur 1141
OuYMuhcH3J8W;Vendeur 1142
6Sep5eQn5vul;Vendeur 1143
NL7DCrvV2aOD;Vendeur 1144
YmrGRjpmFizB;Vendeur 1145
saoccvlbGyxa;Vendeur 1146
Vi9PyjHkweeA;Vendeur 1147
6jg32h1EZAGP;Vendeur 1148
xl7zYo0PtHpY;Vendeur 1149
dpHA3dc6R6A4;Vendeur 1150
X7wb4RXxnp7y;Vendeur 1151
1D2cEU39QPD6;Vendeur 1152
hthWZFIJJoJh;Vendeur 1153
EBlT8yDwSNrA;Vendeur 1154
jGbrPrvIPGEG;Vendeur 1155
X9atHDCDWlxb;Vendeur 1156
FcSUChvnaTB8;Vendeur 1157
xZEOUA3TZCdR;Vendeur 1158
MoWR8NICqjT1;Vendeur 1159
OQoNv59tH66h;Vendeur 1160
UCvDcxgDaMv5;Vendeur 1161
RQyYS0btTCW3;Vendeur 1162
TtTd2zmwbxLD;Vendeur 1163
qdZFE3HAvLdk;Vendeur 1164
NYvU1i0tMdDR;Vendeur 1165
QCEl6L6sv1XO;Vendeur 1166
2OKpERwpfsx6;Vendeur 1167
r3yxnIw7CDkS;Vendeur 1168
hPul3uOy9nao;Vendeur 1169
YyL84Vm0srCc;Vendeur 1170
qnZS2nScyH1U;Vendeur 1171
fHrsJIRCjuec;Vendeur 1172
tkz7ATeWumZo;Vendeur 1173
6EKU7XdvQB47;Vendeur 1174
b0BP2o1ZCErn;Vendeur 1175
8yd5ua5liXsq;Vendeur 1176
o3mzGuHRa5wr;Vendeur 1177
TiR7Z1vu8RZu;Vendeur 1178
MHtJFFYcICb1;Vendeur 1179
M7S6YMalLyxC;Vendeur 1180
lthqXs7LwkJD;Vendeur 1181
VUSLlIFaBbkh;Vendeur 1182
CgZc6mfxJMmH;Vendeur 1183
jTLbFWZjg6hP;Vendeur 1184
CR9t90VWTHid;Vendeur 1185
av5Z5qCPm4CE;Vendeur 1186
wOPv64trf18p;Vendeur 1187
oiI843jTnEsW;Vendeur 1188
EbDXxSMF3Rd4;Vendeur 1189
tuwLsaav4OKT;Vendeur 1190
BiogSpFpgYvQ;Vendeur 1191
PkVQVIBT1CUo;Vendeur 1192
7Qp1NwfnM8I2;Vendeur 1193
3Xh4RtSUHhaT;Vendeur 1194
5QjwDuY1ZtVi;Vendeur 1195
MMuhV6f1bdao;Vendeur 1196
8tYegY0EH9cS;Vendeur 1197
mJYGJcjuy1Sl;Vendeur 1198
JX3xHMzyhOi6;Vendeur 1199
muu9kTYCFqMN;Vendeur 1200
EYkrataHinED;Vendeur 1201
6F1OutNfSmRE;Vendeur 1202
c89k5Ai7pvWy;Vendeur 1203
EjJeZGShob9l;Vendeur 1204
YK6f7msFqAkO;Vendeur 1205
QcO1OIQ4qZFc;Vendeur 1206
N7ebKjvZL2FS;Vendeur 1207
FWPDMauONCdH;Vendeur 1208
kKj31QXbRuZO;Vendeur 1209
YoyX69dLeh8I;Vendeur 1210
c2wp0dGpcDGt;Vendeur 1211
njpXL7vIEv6y;Vendeur 1212
itPYsRuiIFW5;Vendeur 1213
K3eHnEhIeSds;Vendeur 1214
ktRZdQcJoKSX;Vendeur 1215
lAK3blykWLaw;Vendeur 1216
slk1Rjbw0woY;Vendeur 1217
cviKdme1JJ6T;Vendeur 1218
MZSitJXlvmRb;Vendeur 1219
QuHzyl7PHuUt;Vendeur 1220
CG5D2JqWFb9a;Vendeur 1221
QBtOUVIMLaMq;Vendeur 1222
toM4GwguxSFJ;Vendeur 1223
9mfjTVrqQBXe;Vendeur 1224
LLHQ9Zhht65V;Vendeur 1225
5vafBVVEdnjw;Vendeur 1226
dbsQ2SmKtJbI;Vendeur 1227
B8vwep9gH87E;Vendeur 1228
hFHzWXC7hUaR;Vendeur 1229
1bok87t4PI1j;Vendeur 1230
5TrVV812wZ9a;Vendeur 1231
NbmnFDgvI8Sm;Vendeur 1232
uTIAEgmMz9UK;Vendeur 1233
J284ah3IlMb9;Vendeur 1234
tNVHLDOCMKSD;Vendeur 1235
pqyHNIDgftCk;Vendeur 1236
5CWsML1OpXsm;Vendeur 1237
ALly5cKZN6tz;Vendeur 1238
lxgHKT2qadSg;Vendeur 1239
xEfah8c5QUjC;Vendeur 1240
3rfrdb7tcRGU;Vendeur 1241
qZnjRjMN3HSc;Vendeur 1242
imsQLNLuCy6l;Vendeur 1243
G2tZ7vdMdlTB;Vendeur 1244
EWjBuYMd8BPP;Vendeur 1245
ZB0gGj8Ept17;Vendeur 1246
2D45knxekXG0;Vendeur 1247
uB5DEByY3kdU;Vendeur 1248
B3xUIneblQHT;Vendeur 1249
4IiIVG2r4bWO;Vendeur 1250
LmLCpgOK9ibk;Vendeur 1251
Fhm8aesc8DXe;Vendeur 1252
rgyIJCRgk17U;Vendeur 1253
sn1PuN9Qg9Ip;Vendeur 1254
psCcFvWctHbp;Vendeur 1255
2EBnmKLQ6faA;Vendeur 1256
yeTUTSVMbguq;Vendeur 1257
wa5OLDaodnih;Vendeur 1258
qymcsWghMZ55;Vendeur 1259
mlEXWDSLFI8W;Vendeur 1260
jwIWdBXPnQgF;Vendeur 1261
qUdJKXtyb28C;Vendeur 1262
HPJkVwOMT6zz;Vendeur 1263
5PPSa4BKuN4P;Vendeur 1264
4FPckp1t3j1n;Vendeur 1265
3RErtNzohFr9;Vendeur 1266
jGMM5Ez3f6X2;Vendeur 1267
RzwmUV7zFGz3;Vendeur 1268
PXiSfwHphlHI;Vendeur 1269
YMbd2nIOx4Il;Vendeur 1270
s2EM4f82OSX6;Vendeur 1271
iUgQqrcLIG3i;Vendeur 1272
B4yd3gHbEe0Y;Vendeur 1273
pXLugifR9mlr;Vendeur 1274
Kp3SG9s3TE6K;Vendeur 1275
HgkVlp2CMWew;Vendeur 1276
mcvL4jGn9rQ4;Vendeur 1277
sk8rPjqY7dwa;Vendeur 1278
G9dmEg7QNcWV;Vendeur 1279
rkyYwbuaxrJa;Vendeur 1280
1h6SSNc2BYo9;Vendeur 1281
w9ptuc8pJES1;Vendeur 1282
DpK701TIIZN7;Vendeur 1283
iWauTrXMHWub;Vendeur 1284
HkmclKghcLev;Vendeur 1285
JvuRDC1NkVbK;Vendeur 1286
G5jYKFjD8qPy;Vendeur 1287
i25n9C3E1iQX;Vendeur 1288
l1KPH7cJnuvD;Vendeur 1289
gdGtB6ArqoTB;Vendeur 1290
cGYqbZqqQHjS;Vendeur 1291
jfGd2126WlNh;Vendeur 1292
OOAJvkVhqXxA;Vendeur 1293
8RNm94FKdau6;Vendeur 1294
adCXoFCcNqqx;Vendeur 1295
wTlVvrwpHGz5;Vendeur 1296
I4RRLjCQgTaT;Vendeur 1297
EBG4gYM4tScw;Vendeur 1298
9szYkGLqFg5j;Vendeur 1299
mkjcRkiAxjGo;Vendeur 1300
NwXrFku0b7VL;Vendeur 1301
cHkbKxG1AUl8;Vendeur 1302
oLxQJjsl8sq9;Vendeur 1303
7HCsJ6MaICCQ;Vendeur 1304
irKc7yrLWY7K;Vendeur 1305
ZnTDW3eFwykn;Vendeur 1306
Gjj2coRrY67r;Vendeur 1307
vPAisJXoX2Co;Vendeur 1308
VK8sV0k9GC2t;Vendeur 1309
ceLyg2V6lyl7;Vendeur 1310
O7OioVpD3iZ8;Vendeur 1311
sNwRoTEAnj9I;Vendeur 1312
VGybO1S7EPp3;Vendeur 1313
giF7pFTrxNGV;Vendeur 1314
nEFcgyUefBpa;Vendeur 1315
yaOSn661GGw0;Vendeur 1316
Jpunzl5CGq7E;Vendeur 1317
AU9arwujlHdc;Vendeur 1318
i6T2kY6bQTHo;Vendeur 1319
l7oBw80EHO6h;Vendeur 1320
1KZwJ21l1h3h;Vendeur 1321
rlQNwnsW1L3Z;Vendeur 1322
7lb1D27JQRX6;Vendeur 1323
82OdJlPWB9TV;Vendeur 1324
rSnKwP7LZhVo;Vendeur 1325
66O92FkKsKzb;Vendeur 1326
AaJUbA9Y7rE8;Vendeur 1327
7dKroySlGfy1;Vendeur 1328
y2AK4LhYomMd;Vendeur 1329
sz6I1FR4ws2U;Vendeur 1330
jUUYzsfti2iR;Vendeur 1331
bNCLRjh6FYNu;Vendeur 1332
00U0Udw6rshU;Vendeur 1333
YMhNYylQxsGF;Vendeur 1334
fPaWGvpY9flH;Vendeur 1335
zYaXg5ZyZBmH;Vendeur 1336
OqWeyYk16t3L;Vendeur 1337
BOyNnuJWDDOi;Vendeur 1338
JBskBqYkS31O;Vendeur 1339
TFx1kI54cAMv;Vendeur 1340
BR2mWExUYwlW;Vendeur 1341
rO0yB5jcgR7J;Vendeur 1342
aAsYbWyC7U9j;Vendeur 1343
ZVXUymN4HfSa;Vendeur 1344
AvjMfdAgmDix;Vendeur 1345
ONs5GBrcLy6N;Vendeur 1346
zFLOC0XDleYB;Vendeur 1347
qshF6r6XRUtW;Vendeur 1348
FevkF1El4hRb;Vendeur 1349
k9fXUXpwzKoc;Vendeur 1350
ONP6cvQOjR7o;Vendeur 1351
n8bg8T464bPn;Vendeur 1352
oMt7Yq8eQoSK;Vendeur 1353
OZFbQo9VZnDm;Vendeur 1354
OhdoyH1JJwZt;Vendeur 1355
I1KaXOk6zY8x;Vendeur 1356
2PgQtdeVOBNS;Vendeur 1357
2NPSX83ZMsVH;Vendeur 1358
4DUiDncGQsrX;Vendeur 1359
LVvoi2URMOMW;Vendeur 1360
KfrEtmSmv0qe;Vendeur 1361
KqbvOEOb1CoU;Vendeur 1362
yTku1xfzzFib;Vendeur 1363
0YdJSAunKLGa;Vendeur 1364
Dso8UMbq9eqE;Vendeur 1365
HLSGK0F2vszP;Vendeur 1366
wwigXQQAmAnx;Vendeur 1367
SQxW69SOtrbV;Vendeur 1368
72e7ZZz0NSHa;Vendeur 1369
ZSctzRR7BJrL;Vendeur 1370
8bsbnzA2PWbd;Vendeur 1371
GUol0wkydeDA;Vendeur 1372
EBHGfTPMCgWj;Vendeur 1373
hqU1pDon4ral;Vendeur 1374
RB3uncvCSnRa;Vendeur 1375
2WVJh13Ip48Y;Vendeur 1376
8LekNMA5KmsU;Vendeur 1377
m2zBHhCnIKh3;Vendeur 1378
GMd99HQ36dJE;Vendeur 1379
HT3zXOtIVE5f;Vendeur 1380
iu2GovHqL99c;Vendeur 1381
htfLa5LKJYWU;Vendeur 1382
mkwtJazHrB4K;Vendeur 1383
26g8rZH1TptV;Vendeur 1384
6I6UyIQ3BsB8;Vendeur 1385
d5kLrIXap3Wu;Vendeur 1386
kCtvFj5ogKgY;Vendeur 1387
CyQw9XkxStgk;Vendeur 1388
pPJbgFVS1HOE;Vendeur 1389
iY0JltUGnXVV;Vendeur 1390
XKyV4hMA5STP;Vendeur 1391
zJQlZlUC2Fra;Vendeur 1392
s2bxGXOv33PT;Vendeur 1393
bB479ZmM9jjA;Vendeur 1394
i8q8Zf6RTwdk;Vendeur 1395
gI3Kb333LCif;Vendeur 1396
hCnyc0FWi3J3;Vendeur 1397
46IB9fgknRfj;Vendeur 1398
pImUu4Q4awRx;Vendeur 1399
TWiqmuseylME;Vendeur 1400
vmKibgjTBL0U;Vendeur 1401
hW0hOWn1bvpH;Vendeur 1402
Lk4xXGdEifmi;Vendeur 1403
ptzy7iGByfzt;Vendeur 1404
7mIEWMZn0m8g;Vendeur 1405
uywRyoD4KkF1;Vendeur 1406
4cyCNWR4vh3z;Vendeur 1407
taoJfmdWnywe;Vendeur 1408
11TAAnQF96E6;Vendeur 1409
3W9I1ZMht6Z1;Vendeur 1410
zYyNXNKVF2Bn;Vendeur 1411
Km0ZNSLn3NtU;Vendeur 1412
b7ygwanB6ZQx;Vendeur 1413
d3EdLm7hJGp3;Vendeur 1414
krzWv7uofGmc;Vendeur 1415
K8wD4QezpTAh;Vendeur 1416
zXscO6KvuD0L;Vendeur 1417
qqtkdq0tTMEl;Vendeur 1418
2gdSv9QVLg3z;Vendeur 1419
zCvHotEmx5pQ;Vendeur 1420
hhlC2vjXWjxZ;Vendeur 1421
AQlhPu2bINrX;Vendeur 1422
lgAiFPKSppQk;Vendeur 1423
v5VSVAdPDkt1;Vendeur 1424
GjxiYKlYg7xp;Vendeur 1425
EvtE4KIJkzfk;Vendeur 1426
kteGML1SYIfW;Vendeur 1427
5GwbKiUEmaYY;Vendeur 1428
15z7ulBW409e;Vendeur 1429
CqjlqBg2jTSg;Vendeur 1430
WmtMR3pMZ4JQ;Vendeur 1431
u2laPBpJH7nV;Vendeur 1432
DrjHW4YsGBs2;Vendeur 1433
SyVIL3XEef0W;Vendeur 1434
gLmgFBt9KEP2;Vendeur 1435
pggIWCvRKzNV;Vendeur 1436
SP7jtIIdnSxE;Vendeur 1437
hZDPWQ7DEz8I;Vendeur 1438
fFbIvnifOxux;Vendeur 1439
eEwlao0HURN7;Vendeur 1440
2Akc8c3Pc63n;Vendeur 1441
YoNPehKTWzxY;Vendeur 1442
xgxPQpfvnZtn;Vendeur 1443
JhijulmXtwJH;Vendeur 1444
CDueaV2KuYAt;Vendeur 1445
7ENBvme4I0PJ;Vendeur 1446
U7ZEl1JTT4Qe;Vendeur 1447
7mz5rcOWkZFW;Vendeur 1448
VhOQIFjYIzH5;Vendeur 1449
4gFUunRuFEhp;Vendeur 1450
lWFbk17KJWTO;Vendeur 1451
NmzcQNCgGBwM;Vendeur 1452
xAWEvGQUu0MC;Vendeur 1453
VpHnxUjS1VmL;Vendeur 1454
ymMeJBqHvHxl;Vendeur 1455
VPwNYrbDJG2Z;Vendeur 1456
pCwVtviNDMp4;Vendeur 1457
3HDIfKi2zNiV;Vendeur 1458
NFPOVrRBLnvS;Vendeur 1459
V8zA5XNARr61;Vendeur 1460
afk5vxTa9EzO;Vendeur 1461
4g8XR4VO6DqK;Vendeur 1462
FW74VEWWbB6y;Vendeur 1463
DNwyVspDdCA0;Vendeur 1464
xQ1e4T7cufmA;Vendeur 1465
1LZbgYQZRSEf;Vendeur 1466
TfQFap6WIGJ2;Vendeur 1467
Fcj6NxeKJRQr;Vendeur 1468
Fkgo5mJkJ3Cs;Vendeur 1469
Y92X16BtUM9A;Vendeur 1470
I2cfubvyfDTq;Vendeur 1471
Pn04jZq9dHWC;Vendeur 1472
8GqfbwTd6g1Q;Vendeur 1473
nVazDPjtf3dh;Vendeur 1474
iiXgE50iwJoX;Vendeur 1475
G176L7hpmqu4;Vendeur 1476
suzY7BZZekQu;Vendeur 1477
3k8LOQ1gSUEN;Vendeur 1478
fsCqcprvYI3I;Vendeur 1479
jp3XDCyX6SdV;Vendeur 1480
SrZedayg2sUq;Vendeur 1481
Qm0LXW0ynBxf;Vendeur 1482
MKi0mV44Muyo;Vendeur 1483
J5mbAT2ter8c;Vendeur 1484
L006tdJ8CCIc;Vendeur 1485
ofUVXpojTbjD;Vendeur 1486
8Uk8MQODAOK3;Vendeur 1487
vuQ7MTHedI0Y;Vendeur 1488
MoOdjG41nt1P;Vendeur 1489
7M4DIwRLtxVD;Vendeur 1490
Z3ItiF01VBhY;Vendeur 1491
9Yc3gfdJ67nL;Vendeur 1492
2Fo99ZZMjAbk;Vendeur 1493
FzBuFHRVK8I9;Vendeur 1494
VZnqH7m22nXm;Vendeur 1495
quG8uCw6Dg4K;Vendeur 1496
AbNw2V2UIRH7;Vendeur 1497
spEOMvMisF7K;Vendeur 1498
idC8CcAs1BUK;Vendeur 1499
gOCU77xsRHcD;Vendeur 1500
OSAJPr68rVE5;Vendeur 1501
YZefkqPxwMyU;Vendeur 1502
fKDJ8j23MXgl;Vendeur 1503
PwwvbTLHjqnO;Vendeur 1504
O9tOG5t8gCqC;Vendeur 1505
HgyKGyp5gLfl;Vendeur 1506
IWyqTRrR9OEw;Vendeur 1507
pgoh0nDV1Ho5;Vendeur 1508
KYwIW08hW1vN;Vendeur 1509
QHwgsHhlu8zU;Vendeur 1510
AZrKDAcPEaGL;Vendeur 1511
anthfdLJRWt3;Vendeur 1512
N0IKT9op4H6t;Vendeur 1513
gykqvS4Qq9Sq;Vendeur 1514
n8X3vbGWI2PW;Vendeur 1515
rjo6pZECXZU7;Vendeur 1516
7pSVHefSTxDD;Vendeur 1517
RnCQbjZzGilZ;Vendeur 1518
u04WrX2tVmyM;Vendeur 1519
Gs8vuikRnS5g;Vendeur 1520
vRmxQYAW1aKN;Vendeur 1521
ebluER1nIuqZ;Vendeur 1522
WbqnELZachwq;Vendeur 1523
MojEsbCioXPZ;Vendeur 1524
xN3Yr0jLTyHV;Vendeur 1525
NdflSAWrgU3P;Vendeur 1526
Rmpe2RtJYyuw;Vendeur 1527
Rb7YKtnIzahV;Vendeur 1528
4ijaPB2TnI5F;Vendeur 1529
qLjDuwtRmEmT;Vendeur 1530
rBsLF01Zp5g4;Vendeur 1531
cTZLTKtlgEDb;Vendeur 1532
oWcYLW13ffUX;Vendeur 1533
gLczNBF6Hsws;Vendeur 1534
J3sihYKZ7eem;Vendeur 1535
EeqYb9aORiFP;Vendeur 1536
n2kB2aR4L8Ip;Vendeur 1537
kzRlSSJUWMWh;Vendeur 1538
YerZo8Vsdkga;Vendeur 1539
muF32dCPG6NM;Vendeur 1540
VwdyM1iPhT9K;Vendeur 1541
A9nE56wbxNgP;Vendeur 1542
VaweAm8RUb2I;Vendeur 1543
AY561gRQMc6U;Vendeur 1544
v5NOgWi4hxPS;Vendeur 1545
ZT2meF79O5jO;Vendeur 1546
EjcypMeXMFal;Vendeur 1547
1XfOmor6Tpc7;Vendeur 1548
83jCJYmIYbtY;Vendeur 1549
pvPUSlPc9wyn;Vendeur 1550
2bDQEm17cVgN;Vendeur 1551
bXS3llDkHLHg;Vendeur 1552
CV2mnj7nBpe0;Vendeur 1553
oM6s9SPgbA2G;Vendeur 1554
FZXnHluy86KU;Vendeur 1555
VMALVQ8WsmKg;Vendeur 1556
vRdYN1O3TVgG;Vendeur 1557
bsHiZfMMclDa;Vendeur 1558
GafbNvI7KPEi;Vendeur 1559
QjZua0TtRhed;Vendeur 1560
XVejNRMm5J0A;Vendeur 1561
ek7MaeGx3Sqc;Vendeur 1562
hb8so0vLFXA2;Vendeur 1563
TYulxOn6POPn;Vendeur 1564
f1meE3qwKaKi;Vendeur 1565
41snRze4ouAm;Vendeur 1566
INtFf93xgez9;Vendeur 1567
mt3LxYW5TJEQ;Vendeur 1568
fyleKP1Kn10a;Vendeur 1569
KACnCJzPlOzF;Vendeur 1570
dT4bISXjqV2P;Vendeur 1571
ZMqHyBm8ieBL;Vendeur 1572
6wUcyD899kOA;Vendeur 1573
FZkwqG511JFn;Vendeur 1574
D1PtWNfVJpiz;Vendeur 1575
H2qd1VZxdrfx;Vendeur 1576
nHGEkM2UCRjt;Vendeur 1577
7jbSZkIw6pOe;Vendeur 1578
aYMzRgxPxhUL;Vendeur 1579
f5hIwM0tBGta;Vendeur 1580
rbYbnyUeaLLr;Vendeur 1581
0DFwTGerNafv;Vendeur 1582
HaKdnG3iq1qe;Vendeur 1583
gARfii6et32x;Vendeur 1584
3hL1JCnc9i88;Vendeur 1585
pbjarz6iVadV;Vendeur 1586
gcq65q3GuyXx;Vendeur 1587
8nmdPWW5HzGi;Vendeur 1588
ePP0lbsPzQS3;Vendeur 1589
7qo6R1XCMYGs;Vendeur 1590
1Gs7J0MsAQbv;Vendeur 1591
rCGS4gtPB176;Vendeur 1592
aQxHF3Xjornh;Vendeur 1593
wXc6xgnecvvx;Vendeur 1594
DjMxMpBCjwUI;Vendeur 1595
lPSCBGdoINhH;Vendeur 1596
6K36x6ZP5i2d;Vendeur 1597
YGV7ICb6PO2F;Vendeur 1598
Ejyl7FURXWye;Vendeur 1599
fS5rHjwHdXaD;Vendeur 1600
rfjHI1JPwGTw;Vendeur 1601
Ls6aZzI9vnvg;Vendeur 1602
u21eiL7sTZHB;Vendeur 1603
FaOozPc3pSHP;Vendeur 1604
GQahRxNdzvo4;Vendeur 1605
qxXzguwXHi73;Vendeur 1606
5tQfyxXnas9h;Vendeur 1607
LIriB2ONZxnZ;Vendeur 1608
2OifxKUrCyGx;Vendeur 1609
SN80BP0LAyJc;Vendeur 1610
WAAcSp6sVIZZ;Vendeur 1611
iIzRFCrV5CEy;Vendeur 1612
grqcZQP7qv7W;Vendeur 1613
MrQ6iukQHrOv;Vendeur 1614
XOrM0JW1ErYS;Vendeur 1615
wR801BUzv8TK;Vendeur 1616
Z1qbGYWCZBZM;Vendeur 1617
dBjbebBFMsE6;Vendeur 1618
fmCzEXQEDOgE;Vendeur 1619
Ch0gObYhYzMq;Vendeur 1620
D3KeA0riCSxt;Vendeur 1621
8yPtxJA9dwOS;Vendeur 1622
MGwzZViUbUVn;Vendeur 1623
bJRsqXQnq2OL;Vendeur 1624
blb3bhhEeHHD;Vendeur 1625
2TA7iMcIqrnd;Vendeur 1626
HuJAPVPJCTBd;Vendeur 1627
3l9C7btNzoIv;Vendeur 1628
m5SOzC34vcuE;Vendeur 1629
Ag8PByZiRLGh;Vendeur 1630
hwEsucnHsTTi;Vendeur 1631
guh5jZeEssMB;Vendeur 1632
e6Thnh05P0Ii;Vendeur 1633
oQyUxx4bRXw9;Vendeur 1634
AuktcPA3iWYE;Vendeur 1635
SGwFhzogonFC;Vendeur 1636
nGPLiDJ9HdA8;Vendeur 1637
TKAhoeHWsxhn;Vendeur 1638
9KANq48J6vlZ;Vendeur 1639
WAFDXNGhMvsq;Vendeur 1640
qLnUNL5EBZhJ;Vendeur 1641
kAcHdHwqxQ6h;Vendeur 1642
dXIkxoO7A8Vs;Vendeur 1643
bl5cn4agJfgF;Vendeur 1644
fLkrsm0c0gUu;Vendeur 1645
upwHUHFnAxB0;Vendeur 1646
DSbke69dIenM;Vendeur 1647
1zSHBJSCVq6l;Vendeur 1648
NMDZlaY7PWPR;Vendeur 1649
NYfzRNv6y77n;Vendeur 1650
C3gKEngLJiFT;Vendeur 1651
tjQoWRViCft1;Vendeur 1652
TVnJ7knYTHlZ;Vendeur 1653
ySrmZdYRkJXp;Vendeur 1654
o5xOkpiNsDP3;Vendeur 1655
1Ho8qRyOp91O;Vendeur 1656
AiuMDtTqkCaX;Vendeur 1657
wUglQazi6aIw;Vendeur 1658
fzfPQROCES3m;Vendeur 1659
wt7ONyPOksvj;Vendeur 1660
SH9v4UBUEtJx;Vendeur 1661
FMlcBpRkoLDp;Vendeur 1662
iwMnztDrvCbY;Vendeur 1663
t56mOelTB4wQ;Vendeur 1664
JIxWSNx7OwpZ;Vendeur 1665
QhAQIjqbj3Ou;Vendeur 1666
ARWzLmeJFlSj;Vendeur 1667
IqpBAUAyOnJU;Vendeur 1668
6zU3OSQ6blQ7;Vendeur 1669
d8cgJZqYhwao;Vendeur 1670
ZYtfKhL8iPHo;Vendeur 1671
BBs03po2MkSy;Vendeur 1672
IojdJqm88GrG;Vendeur 1673
klgEeeZcrVwG;Vendeur 1674
tVOEysBKHGT5;Vendeur 1675
7u6LqoimY44W;Vendeur 1676
wU9xeY5NIMQT;Vendeur 1677
Q54wN7h0aOuF;Vendeur 1678
VixKTMHV8tnm;Vendeur 1679
C1FACJF4mdib;Vendeur 1680
uDh3rMYge5il;Vendeur 1681
EocZxKiaVbJJ;Vendeur 1682
uPxKGy6EwfhO;Vendeur 1683
q3Vormc7Wqqn;Vendeur 1684
lKXa4tTnGwHe;Vendeur 1685
IA4miydxluXF;Vendeur 1686
OfdN83gFboMR;Vendeur 1687
OFY3n2Z2sYnV;Vendeur 1688
2rf7HX0nQDBL;Vendeur 1689
ELEj6VBxVfav;Vendeur 1690
oMm44yvF7XOe;Vendeur 1691
hkcqRQwoNTgQ;Vendeur 1692
1ki0AcGqBuUm;Vendeur 1693
qmuXHRRKXLbt;Vendeur 1694
ISzYkIh85JS5;Vendeur 1695
H2f1mnPbo35Z;Vendeur 1696
RphVahHGhWjR;Vendeur 1697
pUor1SxgfhQH;Vendeur 1698
YKIYtUQMmRS2;Vendeur 1699
HASECJppWQwM;Vendeur 1700
SnbFMcISFiwK;Vendeur 1701
ZhRlN1e8z66O;Vendeur 1702
FrOmvJCe7oNC;Vendeur 1703
xMayhpkcxQ9F;Vendeur 1704
7ANVd9LVZplS;Vendeur 1705
EwsohIZnIdjV;Vendeur 1706
f3eUknSUAk9I;Vendeur 1707
NMl4Fxl8Meol;Vendeur 1708
74cOgo4ZqQNV;Vendeur 1709
xB7v3Tf3XfXG;Vendeur 1710
8zxK8FpylFu8;Vendeur 1711
pXJs8DqWkqeN;Vendeur 1712
IETIJ2IbdGYc;Vendeur 1713
x9H7q9RruHoJ;Vendeur 1714
R5BvKJh8KJVj;Vendeur 1715
Ub0kpon5jhoT;Vendeur 1716
2NnxAiHaF3XO;Vendeur 1717
6uVsdw6QHORc;Vendeur 1718
JbIhQFGAX0g2;Vendeur 1719
qnHqKJyHPC8d;Vendeur 1720
Xuc12twC4Fsy;Vendeur 1721
FrxnE9SV3QEp;Vendeur 1722
RYfITjCUelsn;Vendeur 1723
qDTAAHLeRVYP;Vendeur 1724
AUi3UcySDpjj;Vendeur 1725
SMvT48CFhapp;Vendeur 1726
4sJeUa0sE9fp;Vendeur 1727
Xvg12CGWf6j3;Vendeur 1728
XRz2Zy7wVTUV;Vendeur 1729
8CF60dQsFQFg;Vendeur 1730
7UAn1OyDurtG;Vendeur 1731
fMB23CvRZIo8;Vendeur 1732
TtRFOBqvW2jL;Vendeur 1733
9GqaJH04uktb;Vendeur 1734
Q2D5os1KqKJG;Vendeur 1735
8ftIkw5QWjQv;Vendeur 1736
rewXZehYiYRW;Vendeur 1737
6nXYdkpQkvz8;Vendeur 1738
2IFngbwutyvZ;Vendeur 1739
L1FTc9AO5LGD;Vendeur 1740
G5hEs9K6P6g5;Vendeur 1741
u5RSJBDtqaIg;Vendeur 1742
ptlDDuOMHnex;Vendeur 1743
SIDPyvuXFRLq;Vendeur 1744
3vZoB6iuhao2;Vendeur 1745
3DUW3hZcul9u;Vendeur 1746
rsc2MD2dnZe3;Vendeur 1747
SS9nuBJ1hsaq;Vendeur 1748
zDkftJPi708U;Vendeur 1749
6aY7ayV75ue4;Vendeur 1750
HUKv8bRAKbDT;Vendeur 1751
9eiGrBloSidm;Vendeur 1752
UA8WZi7OdnY9;Vendeur 1753
CysPaGRxlb8M;Vendeur 1754
xmDnKmhf8pCp;Vendeur 1755
JDP75PfVyiD7;Vendeur 1756
VGN6p3F64fCm;Vendeur 1757
atdGN9KL4xEB;Vendeur 1758
oo0i6Al5BqJP;Vendeur 1759
bx20lr3XvSUg;Vendeur 1760
mLFyDUkbepPN;Vendeur 1761
999DyhJGNdEO;Vendeur 1762
G4DJc6EMx9Rf;Vendeur 1763
Q1U0Qncng83d;Vendeur 1764
vQqLP7oUXIAC;Vendeur 1765
qcDsSG0VyUS9;Vendeur 1766
CN2L6AkjkkFM;Vendeur 1767
TKR3hRzEvWis;Vendeur 1768
xurj8NCrHlmp;Vendeur 1769
ilVxtPYxb3Mw;Vendeur 1770
urKw3DCldV84;Vendeur 1771
203ASQEGrFJT;Vendeur 1772
J5EHdepUFXiu;Vendeur 1773
exQTAqR0Ct19;Vendeur 1774
EybhEhIeSVIT;Vendeur 1775
A5YMZxYMOyV8;Vendeur 1776
uE4SVi0J9lKK;Vendeur 1777
cCMEyJpgM6hx;Vendeur 1778
KrvM3dLbJrG6;Vendeur 1779
EtEjOEbhH3ll;Vendeur 1780
2qxHpcYDkIki;Vendeur 1781
nVmZiNCQ2tUE;Vendeur 1782
uKEC58QgXMmM;Vendeur 1783
J1aaSwFbEg1T;Vendeur 1784
SZ8Dwi8WfNzV;Vendeur 1785
nXloN0FSbSB3;Vendeur 1786
FyuMNcysTF8J;Vendeur 1787
vHQSebxkbbui;Vendeur 1788
78taOAJzZZYH;Vendeur 1789
yNIv5tUh01Yi;Vendeur 1790
Hmsq6bWbUbHX;Vendeur 1791
R6SwJCNhwO5q;Vendeur 1792
LefitEXjyRrZ;Vendeur 1793
1WLscp8MQxbC;Vendeur 1794
AjPmjQtmNN9h;Vendeur 1795
F3IR4WBzeLHa;Vendeur 1796
O6Y9fTPrDKIG;Vendeur 1797
7hEv2HCwNlHV;Vendeur 1798
YpwcdK7kZbh0;Vendeur 1799
Be87c2yozFhY;Vendeur 1800
mZEZZ5pOqT3J;Vendeur 1801
OHOH7HM8983K;Vendeur 1802
sVpj5YMdbhmc;Vendeur 1803
DgPVEHc39WlC;Vendeur 1804
bOa7MH4amjcB;Vendeur 1805
ZQz4n21i5rGH;Vendeur 1806
ynoKalx03eHF;Vendeur 1807
gc619fJUuYyl;Vendeur 1808
dE6YXMO80LeY;Vendeur 1809
wDsDodKOJ7Ro;Vendeur 1810
937zEpGQF2gj;Vendeur 1811
PIkxrIBrYQUR;Vendeur 1812
hHl9wKzX8nKN;Vendeur 1813
k9d0oIlSdatP;Vendeur 1814
4TUYR7MZdfAH;Vendeur 1815
OXtQyYTbs2RE;Vendeur 1816
h7YgJqGa98bH;Vendeur 1817
dnCclSPnpv2b;Vendeur 1818
AL72hKJY7h2J;Vendeur 1819
QwrskFCiOILG;Vendeur 1820
d9UlNsE1Bj4r;Vendeur 1821
RwSOSeQufGD4;Vendeur 1822
ETscFUaQUdyG;Vendeur 1823
KuAw4s0oQsrP;Vendeur 1824
3OIl6CMEDnrO;Vendeur 1825
Gjio8ccqgO8I;Vendeur 1826
3e9JGBdDRF6C;Vendeur 1827
an4nnRfYSBxC;Vendeur 1828
fmJc4usbasZj;Vendeur 1829
2IRnDdooRzAF;Vendeur 1830
XGH9ja9hiLJz;Vendeur 1831
BB2tmAef9FCb;Vendeur 1832
rMHM8qBNQqbC;Vendeur 1833
y9RmCdCgLAfK;Vendeur 1834
FhGvu5QB27il;Vendeur 1835
zlQMvz5cRvbt;Vendeur 1836
aK4U1jyhWIBo;Vendeur 1837
QAdGLa3ZlNbr;Vendeur 1838
5zRxM0U0Jjbx;Vendeur 1839
SAgvSHND3dvC;Vendeur 1840
VxpB5XQn24nz;Vendeur 1841
ljNUjdi3VnUg;Vendeur 1842
y4bwFO9GNamm;Vendeur 1843
h5yNp2rrgZBf;Vendeur 1844
G1UZbkH7lRbn;Vendeur 1845
t0yO3qFuGYtr;Vendeur 1846
H1v2axOHw8q8;Vendeur 1847
jX9bCvijIEXF;Vendeur 1848
c6oJb4Td0AGg;Vendeur 1849
qCHSDvxdESyG;Vendeur 1850
pq55PVkO43z1;Vendeur 1851
HEl21QDTW9oB;Vendeur 1852
iAF0NxaypyZB;Vendeur 1853
bev9CELF3Rdk;Vendeur 1854
0UJwyzr6G2Qa;Vendeur 1855
EZ2fSjy9mjw1;Vendeur 1856
dERhd5Vzg27h;Vendeur 1857
dvP7LGVw8X1e;Vendeur 1858
bYFpCxDX2Olu;Vendeur 1859
QJ7eOC03n4LG;Vendeur 1860
o6Upv4F9uulq;Vendeur 1861
WDkzPa2BlWtS;Vendeur 1862
h8sR9ByBpRml;Vendeur 1863
YMfpkilY8M8P;Vendeur 1864
sm9kHqP1G8dJ;Vendeur 1865
VS89lbSjynYM;Vendeur 1866
yT6bTsOEG0ig;Vendeur 1867
o2oL0bNm4XdO;Vendeur 1868
AaQhJY6fwxzK;Vendeur 1869
HYl7is6duTKK;Vendeur 1870
ANdl59LK6RI7;Vendeur 1871
y3K5D4cBpapB;Vendeur 1872
VYJQmbbQokUF;Vendeur 1873
mKY05HUbqxJu;Vendeur 1874
W6l1S0eHysI8;Vendeur 1875
0NXnoudqCr2b;Vendeur 1876
SDfJy0vLQ8d6;Vendeur 1877
ORcmroQxutFQ;Vendeur 1878
6n3HXkuuv1Xj;Vendeur 1879
OmnaX5eZIQPH;Vendeur 1880
8N9xIv5B6CzS;Vendeur 1881
29mjIQ6NC7vk;Vendeur 1882
2fOS6BjfCq7M;Vendeur 1883
pRu2LZ9MCovA;Vendeur 1884
2LEeO1Vk3p6w;Vendeur 1885
QAf06UklpcpU;Vendeur 1886
23qXUE3ury3g;Vendeur 1887
MjDgkkTaUbrO;Vendeur 1888
DnUV9Elb5IBP;Vendeur 1889
ILPjDHxjZ4u0;Vendeur 1890
CtMaPBruHzFA;Vendeur 1891
tGuxm1YQHTmY;Vendeur 1892
kOCghXglWmv3;Vendeur 1893
DXEUTLuphyfj;Vendeur 1894
SBjTKnSrEDmD;Vendeur 1895
39KLUoY5AbiH;Vendeur 1896
athSh1wAIt1h;Vendeur 1897
22EFCx8qJf8Y;Vendeur 1898
fPOuKYyDAeQN;Vendeur 1899
6ZoklTqvELug;Vendeur 1900
NvJPqsjJRer8;Vendeur 1901
zGXwMHWUhAlJ;Vendeur 1902
Iu9I4p3MiLCO;Vendeur 1903
6Gon9nN29mqW;Vendeur 1904
RurnXCJX0idB;Vendeur 1905
5Ig5GP65GEXO;Vendeur 1906
X4sjaVZkxtOj;Vendeur 1907
5wnoHfXKSv4m;Vendeur 1908
mUBkuAnpxOSZ;Vendeur 1909
xbN5skgn2okE;Vendeur 1910
B4FMkEQ2aEJy;Vendeur 1911
nkcxoPWO0ijR;Vendeur 1912
wwJKe7oBIzM9;Vendeur 1913
Qcw7VKhlVLXu;Vendeur 1914
XuVuE3mRCE5g;Vendeur 1915
US6urrNVlYYk;Vendeur 1916
24xKe3CFg6nB;Vendeur 1917
UA8tyVapvOO8;Vendeur 1918
a1LXQZoIBCal;Vendeur 1919
psUEcT6pBQLP;Vendeur 1920
MupiQOdYcPzC;Vendeur 1921
n5YX70jIKP0h;Vendeur 1922
WGRSiLxyP8MC;Vendeur 1923
6UPXe7Q70FIn;Vendeur 1924
CBHttPIplqLC;Vendeur 1925
KTXZHZEEbkhs;Vendeur 1926
Q777vQ8ebAar;Vendeur 1927
k1R7V9GBmI8y;Vendeur 1928
CDoCMj09rJUV;Vendeur 1929
d4feUzwFYvBa;Vendeur 1930
Xgn4Bqmmk5v0;Vendeur 1931
53qnnEiRkszH;Vendeur 1932
iBnghdhnOMQv;Vendeur 1933
xOTN2uUA9YEN;Vendeur 1934
lBiBltfCw6da;Vendeur 1935
iHuMgfuZGGj4;Vendeur 1936
pWJ6H0uyfDSk;Vendeur 1937
mEBm4Hehu6HT;Vendeur 1938
Rf2xDljNLyHA;Vendeur 1939
9FtIwdXQUWIz;Vendeur 1940
8C1Cp4jlARJB;Vendeur 1941
mwGJ72vS4HBC;Vendeur 1942
mHVQu4SVYT6M;Vendeur 1943
dSMB3WEYWBXb;Vendeur 1944
ig4o0HlMBlrC;Vendeur 1945
z0yr6yk2ETbq;Vendeur 1946
gXXBiupOL49s;Vendeur 1947
DfvsQsev6dA0;Vendeur 1948
0mNQOOvRxX8B;Vendeur 1949
GEWGROLk4MRO;Vendeur 1950
k34HgvLodB3p;Vendeur 1951
nJpgTStC3ru8;Vendeur 1952
J23EhPqh2efY;Vendeur 1953
YdoHFWtYHRwF;Vendeur 1954
hacCUeALh5md;Vendeur 1955
gTivb6EEZxrZ;Vendeur 1956
56S5vmqOzJVS;Vendeur 1957
Yq7xE7REUNIk;Vendeur 1958
bU7LtPLabT06;Vendeur 1959
6Veh5IbeIztn;Vendeur 1960
ZWa0C3OavkhT;Vendeur 1961
vxj6mxiFlJfT;Vendeur 1962
92ARezWR3qBB;Vendeur 1963
LD6mEVd7SlaD;Vendeur 1964
k4QRXIWR0OD7;Vendeur 1965
SMh60gcFQ99D;Vendeur 1966
zvCVcKLz2QQy;Vendeur 1967
gZNUk3SQbftd;Vendeur 1968
QL8dwGX89Ml9;Vendeur 1969
4SeXdlUVklwT;Vendeur 1970
TkeNAerwJToW;Vendeur 1971
NxB4aXtgEuHH;Vendeur 1972
hx2PV3n4i8bg;Vendeur 1973
OV8ArgWALUGE;Vendeur 1974
CFIlLUwkpwqg;Vendeur 1975
MUOXTXUX4OWv;Vendeur 1976
MLuZgDcJ0mqw;Vendeur 1977
P42OahxH4Doq;Vendeur 1978
ApkMvnwdPuKt;Vendeur 1979
6Egd4mYX3O2T;Vendeur 1980
aZYt4jtn7Te7;Vendeur 1981
ap5kDzdbn1u9;Vendeur 1982
pjP2ZPCbq7R4;Vendeur 1983
qbA5ZnyZnj1k;Vendeur 1984
EkP3amyjJSPT;Vendeur 1985
0BKyRKbmL7lm;Vendeur 1986
BUqbhbU1CoXe;Vendeur 1987
2mrYLZRLRuQg;Vendeur 1988
PB8l6kzm57PU;Vendeur 1989
Zw5IqNczoZaN;Vendeur 1990
YFpQfLa7cGaY;Vendeur 1991
nnSdMFWUSyTq;Vendeur 1992
1jP534QrrMsG;Vendeur 1993
8MHsPu4LLSit;Vendeur 1994
0d6YEJEj6lhU;Vendeur 1995
lSBOihS4qUaM;Vendeur 1996
woaHJkMZVjap;Vendeur 1997
S1JGDbVI8LsW;Vendeur 1998
SAJlBSvtmcMm;Vendeur 1999
SlLUBYmz7b8q;Vendeur 2000
OtqmUmghcGcQ;Vendeur 2001
b1UavoirxgVP;Vendeur 2002
SpDwPR4AwFjB;Vendeur 2003
fdfwCgVkejwU;Vendeur 2004
KBtlaQV6IBIM;Vendeur 2005
d7EkxlcssOqm;Vendeur 2006
U2NjPYbcZhBB;Vendeur 2007
sm4EfNRe2Rin;Vendeur 2008
yo6SlGtzTnHr;Vendeur 2009
ywCLDBgdPkFv;Vendeur 2010
9TuIAmuhWTpm;Vendeur 2011
wwkEiuOOSSP1;Vendeur 2012
5Gy7uhHc7ere;Vendeur 2013
vrvbJhGCZStb;Vendeur 2014
jPmu9bgRHPUi;Vendeur 2015
d2khlZKgUtqM;Vendeur 2016
0ZnyFkOHIcfC;Vendeur 2017
XqqjgjqJKquz;Vendeur 2018
r0rwxYi6GgTk;Vendeur 2019
qo7WQLcKPPIO;Vendeur 2020
eCDprhJrYAh0;Vendeur 2021
tRXfIcX5rIO9;Vendeur 2022
DyJPo7YETDZr;Vendeur 2023
CiTOK0olTIrn;Vendeur 2024
sB0Symx7iJo9;Vendeur 2025
6jiR95bPEXyX;Vendeur 2026
enw2ldrRf6tL;Vendeur 2027
mGXYPuvjUjtM;Vendeur 2028
r1do3Gn6Vki0;Vendeur 2029
4jJGNaBVk65x;Vendeur 2030
ugjsBaL2Miry;Vendeur 2031
ck0LA3MA1GIe;Vendeur 2032
cggBY4u0xwoI;Vendeur 2033
rdZiZfo5IvRc;Vendeur 2034
15xInlKerZpx;Vendeur 2035
UjalcBohRd8W;Vendeur 2036
w2v1sKpHsozm;Vendeur 2037
C5FoqnF99sGr;Vendeur 2038
nqAPq236wzR1;Vendeur 2039
cr3VvwWW3s31;Vendeur 2040
4kvCzkmsqYGZ;Vendeur 2041
6TQE8UIDcEZw;Vendeur 2042
WYVXnXQMcKZK;Vendeur 2043
XPFTBILwby7I;Vendeur 2044
6OzEAZLOjsy2;Vendeur 2045
yYAZJJTuJycC;Vendeur 2046
sNXbRkGOkRPy;Vendeur 2047
dlSMYy5wdITn;Vendeur 2048
jfhiRLwRWsc2;Vendeur 2049
VP0oYIZ1LJbh;Vendeur 2050
bI4SDBMl3Pw1;Vendeur 2051
fHGcmeS6lg2D;Vendeur 2052
ebnikHq8ApuA;Vendeur 2053
96mHIW43AqSA;Vendeur 2054
6DXmfuJxjCQi;Vendeur 2055
C7ZtVkLSFyX4;Vendeur 2056
YzuqwkHrt2Y8;Vendeur 2057
xjBODSeGDPU0;Vendeur 2058
v7uEtFlkZ6lX;Vendeur 2059
hNofIuKDwuKj;Vendeur 2060
M5TTad2P1tLf;Vendeur 2061
ZY45eoZyk5kl;Vendeur 2062
4RCDmhw2Wb3Z;Vendeur 2063
CoEG7yCOL1aZ;Vendeur 2064
sAIgu8rVocpb;Vendeur 2065
BFm7nFRlb59p;Vendeur 2066
zFkpkOmpbU6W;Vendeur 2067
P5mwvnUjvI4y;Vendeur 2068
qhxfE5zY5a5R;Vendeur 2069
uhvcQCE2y6iv;Vendeur 2070
pt33A84PLKQm;Vendeur 2071
Q0kDL7ozqwKl;Vendeur 2072
LUXX3qxSivXO;Vendeur 2073
tOXOLwzD80tB;Vendeur 2074
YP2jaFs8Ckjz;Vendeur 2075
toxBqkHMTLwo;Vendeur 2076
F6Df3HCW4j0w;Vendeur 2077
PJGyp6gqB8aL;Vendeur 2078
j6gFSm16STZB;Vendeur 2079
YdP3OQ3ypjdx;Vendeur 2080
eWQNl0vaaicj;Vendeur 2081
VyIHA9DStyYO;Vendeur 2082
QQyTP7XcDw5H;Vendeur 2083
Sl8ghClxYnDu;Vendeur 2084
UaGSyC85jbwj;Vendeur 2085
RWY9osiVHxQK;Vendeur 2086
5bHELYX40izp;Vendeur 2087
LHzRtAqrh77V;Vendeur 2088
dUWPybHlml7C;Vendeur 2089
t8kKWhbE6H02;Vendeur 2090
RwYIHBVDXSqC;Vendeur 2091
VTx3SARtz6xo;Vendeur 2092
NXo1dgEKorbn;Vendeur 2093
nPX2Ra2VVrIw;Vendeur 2094
AZEyRlGEhLkn;Vendeur 2095
vdOUxarH6wcc;Vendeur 2096
tRBL0CMx6cLz;Vendeur 2097
rq7kcHZmJd1y;Vendeur 2098
ryFnllpzLCdG;Vendeur 2099
ngqy134AzRGf;Vendeur 2100
co8V1CFD52Do;Vendeur 2101
wzWrQUYd7kZ5;Vendeur 2102
CDwmfcSjmFPP;Vendeur 2103
Ju0m9Y6pHobn;Vendeur 2104
9eFlwD3mrd66;Vendeur 2105
Kagc9GLiUt5Q;Vendeur 2106
F7xPtICx3Ufq;Vendeur 2107
P6NX6yPLkVBw;Vendeur 2108
zFCNnD9T0fB1;Vendeur 2109
KuMqTxdAkqd7;Vendeur 2110
yachdQ4kOyYO;Vendeur 2111
ZnwXRWQF067E;Vendeur 2112
eLfcCtFRXxrK;Vendeur 2113
EUSrASBb8nMA;Vendeur 2114
NVRO4CVxcrOf;Vendeur 2115
hWO6bqFeMXM7;Vendeur 2116
xDDjKFxM2BP4;Vendeur 2117
IZQBGP1QhP4S;Vendeur 2118
uPnoij49QHCB;Vendeur 2119
slyNhZRjLb0S;Vendeur 2120
YjBEThHePJDI;Vendeur 2121
RzVHEP1EMsYF;Vendeur 2122
95IblOuCttYM;Vendeur 2123
v7nG6Ni4GxpS;Vendeur 2124
lIMUE4moOzzT;Vendeur 2125
Nhg0KvDy5ViR;Vendeur 2126
nCbiJKz7sPdJ;Vendeur 2127
WCAvp3mogZiq;Vendeur 2128
tgAk70zwot7a;Vendeur 2129
gIzp6dHam5pp;Vendeur 2130
Wmz5QEZPiUOx;Vendeur 2131
T4s4RWEydOtF;Vendeur 2132
422TdwqYOWdw;Vendeur 2133
CglZaD3jlhH6;Vendeur 2134
NT4Z0WgnliOb;Vendeur 2135
74uLto6HXhWT;Vendeur 2136
NtrpJLeuCNTP;Vendeur 2137
ZoMC6REycDR8;Vendeur 2138
0SHS5xDUVSpP;Vendeur 2139
EUuEho2w7Obj;Vendeur 2140
3f1YtqXDwmbg;Vendeur 2141
YAebnoaY20LE;Vendeur 2142
QQ3QIAGssBWS;Vendeur 2143
L4knTmL5Wduc;Vendeur 2144
Kjjvek91TpHj;Vendeur 2145
ngnjERw5ro3c;Vendeur 2146
ge2jmchMy6ZO;Vendeur 2147
w9qyTFYEYrS2;Vendeur 2148
lnlVtFwIRIx1;Vendeur 2149
w6YrNVfkPXnK;Vendeur 2150
Ve3fre6yXxmB;Vendeur 2151
iO41hmHOwUlR;Vendeur 2152
isJHkPOeOm7I;Vendeur 2153
TkPqZGbuKhLw;Vendeur 2154
X0ciI0pFG2dh;Vendeur 2155
KPqZwHedqWY3;Vendeur 2156
ZnC4PC85pEto;Vendeur 2157
HHak458pCdvi;Vendeur 2158
1KgnSYP2AfIM;Vendeur 2159
icKrPy3k1vHg;Vendeur 2160
YMrGxrx6sgcK;Vendeur 2161
DNKLUqfOFddO;Vendeur 2162
ZZBnQ9MuqycZ;Vendeur 2163
fzqE3ssYgYfj;Vendeur 2164
AFqaPZP12o3z;Vendeur 2165
jrdXBQf4PByj;Vendeur 2166
0b9lM9eDKXf5;Vendeur 2167
0EqTR9XQXR9w;Vendeur 2168
bgTagPNdPdef;Vendeur 2169
uCtaxkvryj0V;Vendeur 2170
5UXegtTbMc0Y;Vendeur 2171
jo2uPMClrXIM;Vendeur 2172
gQjbQT5BrO9m;Vendeur 2173
NT27uYGHKbi5;Vendeur 2174
p9XFPyKUIqNs;Vendeur 2175
awzpy8b7W6V1;Vendeur 2176
mSl3Uylm3hlM;Vendeur 2177
H581gmQVfaCi;Vendeur 2178
d3hD2l5b2Xy8;Vendeur 2179
TV3fcEiOlc2g;Vendeur 2180
CEkOID1v4dJ8;Vendeur 2181
yysJHJrtgW0Q;Vendeur 2182
ZDj3iSz3qNCK;Vendeur 2183
PUbh9j0siJKG;Vendeur 2184
HvZjlU9JTnWG;Vendeur 2185
rhV6nAL0EYYY;Vendeur 2186
454R0jJQbvt5;Vendeur 2187
olvTXqrcs6ZY;Vendeur 2188
LeMwKUKjQfzV;Vendeur 2189
K3pf5oeH5BI5;Vendeur 2190
jVa55ypO1pcy;Vendeur 2191
REmDfTlLfIfR;Vendeur 2192
pbh66I2Oqd2B;Vendeur 2193
2FlRcxi3YMnv;Vendeur 2194
LRXPBGRrL4rH;Vendeur 2195
N5S0kobQcAFP;Vendeur 2196
ohrCs2BB1eWn;Vendeur 2197
pRyQixqm2Bsq;Vendeur 2198
ajzWExUvyDBu;Vendeur 2199
mD5XSlbfH9Sn;Vendeur 2200
KWyCFngIImBD;Vendeur 2201
J8euNVu1dAD4;Vendeur 2202
WjfMlrIvZIAO;Vendeur 2203
yc0qsK1FYoeD;Vendeur 2204
d54RblYriZt6;Vendeur 2205
EQeC4DwregAC;Vendeur 2206
Sd5uGuKjHoo2;Vendeur 2207
IMKAaHr2waxs;Vendeur 2208
GnrZnudB3O7b;Vendeur 2209
j4EokiFTvJBb;Vendeur 2210
BNvnFXAk18wn;Vendeur 2211
Xsu3cwPyXHsU;Vendeur 2212
8pZmAfsfUaVE;Vendeur 2213
ExbkHwzqgZUH;Vendeur 2214
M9mtX3REHOpH;Vendeur 2215
9j92elkDUCoM;Vendeur 2216
R07q5v3K3Q3N;Vendeur 2217
trCbMSVtabHB;Vendeur 2218
kl9fqZ419mE4;Vendeur 2219
K55KBt9iQmj0;Vendeur 2220
HiCtF8ljWOX1;Vendeur 2221
dkAaXCK1FcKY;Vendeur 2222
H7FYyxdk8uXj;Vendeur 2223
SiCm1FwYfDe0;Vendeur 2224
WZNDnqPhSTec;Vendeur 2225
uZmzIH3dUoxi;Vendeur 2226
t8YV4IBbSnUT;Vendeur 2227
Dr1apVFurBbV;Vendeur 2228
MtTDzqNLLGhA;Vendeur 2229
N7FX02nxpHV9;Vendeur 2230
oStMPeCaI0Aa;Vendeur 2231
ZN2DE7pfVtAD;Vendeur 2232
6obKOJMuFdwd;Vendeur 2233
i0bA4TNRfoKC;Vendeur 2234
EvIVtzFQae0n;Vendeur 2235
qP9aNPzN5wby;Vendeur 2236
TDGU2wdDIEDR;Vendeur 2237
oQVTSf8CyApg;Vendeur 2238
73df1KlToIGL;Vendeur 2239
WFBPWdo5flxA;Vendeur 2240
R3Uj2mYNQsli;Vendeur 2241
IvJtBm9lfBj1;Vendeur 2242
a2fDGSa1L9B4;Vendeur 2243
NJL6ym6PCIKm;Vendeur 2244
aSRv80tpl4tj;Vendeur 2245
dMexwA29nwol;Vendeur 2246
4mNc3mfswqzQ;Vendeur 2247
lqQId6dmluOH;Vendeur 2248
c2fDy0hWlCDz;Vendeur 2249
ExEflWT2ZgYS;Vendeur 2250
Lf5hnr2u00Fu;Vendeur 2251
qYn6NbKMutlw;Vendeur 2252
VQ8ufaMXB2L1;Vendeur 2253
ibSWOtPb5akB;Vendeur 2254
QsFkbwYRegFr;Vendeur 2255
FYGNx44XOqX7;Vendeur 2256
5ogCnwzSomBT;Vendeur 2257
Z2w9yoiyBq8L;Vendeur 2258
3x4wMp2wZuKi;Vendeur 2259
ODK8p04ivfUv;Vendeur 2260
pgi6qMEKwQDg;Vendeur 2261
PdDua7QFfAJh;Vendeur 2262
TZwHhPaLPkKU;Vendeur 2263
H3s2TeZOBE6t;Vendeur 2264
28OLN92QJ3m4;Vendeur 2265
IJ3DzrRTk3wh;Vendeur 2266
cjx80DPt8xY1;Vendeur 2267
jZpEfYCO578r;Vendeur 2268
g4ZnNidxlhGB;Vendeur 2269
PbmtxIIy1YVM;Vendeur 2270
aGKHuILL8ojO;Vendeur 2271
xVfP70zFc2ga;Vendeur 2272
5adD8cqHvem2;Vendeur 2273
Xs8YY0JBP2yd;Vendeur 2274
ayhLmlhfbHnI;Vendeur 2275
ApFTrBlCpCVY;Vendeur 2276
8DZCCtcm8JBQ;Vendeur 2277
qTEsSEfcMked;Vendeur 2278
jVbB8lr6sfR5;Vendeur 2279
Olp5bla5E4zK;Vendeur 2280
1H1vZ3c8Yood;Vendeur 2281
Pk2Q0OArr30F;Vendeur 2282
SMm0LPIvH6p6;Vendeur 2283
TWDnl6DcP7R4;Vendeur 2284
fKNESjLeQi3a;Vendeur 2285
3GcgZEGJenJQ;Vendeur 2286
XhjqEly4yGET;Vendeur 2287
ic1AHa4xuVkk;Vendeur 2288
BsfQQSDwuhso;Vendeur 2289
jIAJEKe34cnD;Vendeur 2290
TRuGdoZqA0ex;Vendeur 2291
IsulrFHNdA6v;Vendeur 2292
0XXKBx1Yt8UD;Vendeur 2293
M4HTaxl3dYrI;Vendeur 2294
wIiYrX2R5wXx;Vendeur 2295
3U2zqY4uiEc2;Vendeur 2296
sy3UOM6rbxlI;Vendeur 2297
kJhm3YGqMpDk;Vendeur 2298
bP6rjZE9cA1P;Vendeur 2299
DIwpTVv2j9jq;Vendeur 2300
X0tnqfX5mNsf;Vendeur 2301
2cHLHkAXYkK5;Vendeur 2302
7cjkRTVp3uwQ;Vendeur 2303
mRfWe1MwjddL;Vendeur 2304
Afbyfp30M26R;Vendeur 2305
l6C9TxkW1uDD;Vendeur 2306
dhq7uTKvhbZi;Vendeur 2307
YqVYcmbYfNmV;Vendeur 2308
OoJciRFWwpT5;Vendeur 2309
7UiVSmi7PWFt;Vendeur 2310
C80Q2lQZ9COh;Vendeur 2311
cJjMnhGSG3Hz;Vendeur 2312
0DNaX0F0Ui73;Vendeur 2313
FKpwokMlxVJN;Vendeur 2314
PVq5x7teCXPP;Vendeur 2315
k953yRQtsHpe;Vendeur 2316
6bEIol2dR3Cp;Vendeur 2317
9SWoqiJj9Kas;Vendeur 2318
8p5MktrMqn7c;Vendeur 2319
JYnjjSmQ69wo;Vendeur 2320
7zibeXCiWpBm;Vendeur 2321
Ke6OMbFM1wM9;Vendeur 2322
yc9Qcokqugvr;Vendeur 2323
857m83X7YZic;Vendeur 2324
pQ3RDohBBoCt;Vendeur 2325
nVBNRw8iTep8;Vendeur 2326
C5eW2c81iyeq;Vendeur 2327
5elnJdwvGA8Z;Vendeur 2328
ADK3BzPYkj5C;Vendeur 2329
kYrfZhbw9KG0;Vendeur 2330
OJLPolfeNiuv;Vendeur 2331
VNKwkSF2LbLE;Vendeur 2332
QEXu1nUd3VzB;Vendeur 2333
6g1TqvlAlcqp;Vendeur 2334
NmVucoGwLvZm;Vendeur 2335
XwOgeUMSX39Y;Vendeur 2336
M7OVNMxVkGDc;Vendeur 2337
rZbfyncWtbdz;Vendeur 2338
kjBrt6hvUUCg;Vendeur 2339
qnlfARlM8iLa;Vendeur 2340
ziqoutjkcjY8;Vendeur 2341
BM7nj0OUlDiq;Vendeur 2342
VKe65qvTBXKF;Vendeur 2343
EEI4YCtw3bJe;Vendeur 2344
749RWLvjL33b;Vendeur 2345
XzBY0ohARILS;Vendeur 2346
mo1wzBfzum32;Vendeur 2347
ISvH4Xgn7moV;Vendeur 2348
tib7D3LHQcu4;Vendeur 2349
D9Dra9Zw8sk6;Vendeur 2350
tZKKgq77vtGs;Vendeur 2351
fsywnKCojtON;Vendeur 2352
jB8qZP4fgoVI;Vendeur 2353
bVKov2rAMPkF;Vendeur 2354
2C4OtaIgpBlx;Vendeur 2355
YWVJmqGBq6a8;Vendeur 2356
5huq3aNa0gLw;Vendeur 2357
KfhIi7IQtL8z;Vendeur 2358
TtKl4Q9FfSCQ;Vendeur 2359
SrBlWK3rKgg6;Vendeur 2360
FyGe20sU2FpT;Vendeur 2361
CFrvgcBSwbDU;Vendeur 2362
tywLk2Cvmlp1;Vendeur 2363
goc0dN2nEdQs;Vendeur 2364
XA5bFX5u1MhH;Vendeur 2365
jOvUuVDhqg9Y;Vendeur 2366
bnWD8FULKl1o;Vendeur 2367
XdYFxUrvsur7;Vendeur 2368
NkNXBaFgHeXR;Vendeur 2369
xSE3KdOwqlZz;Vendeur 2370
gUHclnYZZG1O;Vendeur 2371
psW9iVBT2mET;Vendeur 2372
atlcYs8LRIfp;Vendeur 2373
ptmd74r3o99R;Vendeur 2374
7mxE7OgCXrJZ;Vendeur 2375
Lj86rRj5M4jy;Vendeur 2376
poayberFQuqX;Vendeur 2377
MwkTjtNThVYs;Vendeur 2378
BMQvLMJ7FPRp;Vendeur 2379
0dqGLUrWy1bt;Vendeur 2380
RWwV4zYz5lSI;Vendeur 2381
d8ZcWqlsD0Fk;Vendeur 2382
kGnRdKx4nWAl;Vendeur 2383
atBslaTmfV98;Vendeur 2384
vBsvOmIRoMaT;Vendeur 2385
5CSyXrfowUEo;Vendeur 2386
0BQnfCxbj5F7;Vendeur 2387
gDqh83QnEZD3;Vendeur 2388
15ObmEc5xtyV;Vendeur 2389
Va8c0eRyhOfD;Vendeur 2390
2v0gTzEWz4Yb;Vendeur 2391
A8d9zdwObOPD;Vendeur 2392
aZafshMWqZ2K;Vendeur 2393
M7fWAS8q5FdL;Vendeur 2394
smkukBEvFCEY;Vendeur 2395
NdBUnvviOLHs;Vendeur 2396
M2wsCwOrO9wy;Vendeur 2397
Hu2DDdhrQSSv;Vendeur 2398
U4ORV14M2uyz;Vendeur 2399
GKosIyBr8Wdu;Vendeur 2400
wDAAnPh0gf2S;Vendeur 2401
OJup3lM1xXRR;Vendeur 2402
F1c3LhvHMh2Z;Vendeur 2403
rfLcBummSMF0;Vendeur 2404
nEzFKUPsvMwe;Vendeur 2405
ub4xg040ugE5;Vendeur 2406
MBPw7QEKBpkJ;Vendeur 2407
9fEms1kVO9xy;Vendeur 2408
qIi2WDP3OI7l;Vendeur 2409
i8GVEv8DO5G8;Vendeur 2410
uj7KD7E983pK;Vendeur 2411
1hwK88ByZgFX;Vendeur 2412
JXnqi6XETy66;Vendeur 2413
CarvN2C5PWDw;Vendeur 2414
Z8SbLiNGZE1E;Vendeur 2415
4HKzIT2vu2j8;Vendeur 2416
nP6SajyOktoO;Vendeur 2417
mRkPPxSh3txT;Vendeur 2418
Im53WmRnENIN;Vendeur 2419
D7NzEafaOeCX;Vendeur 2420
jjXWfTPdbwzQ;Vendeur 2421
fwR0FRPnUGdV;Vendeur 2422
aGNkz7OzMqgd;Vendeur 2423
rFOPJYyEBN4Q;Vendeur 2424
vvethwFmpcc6;Vendeur 2425
MLVXenMVTu9n;Vendeur 2426
8Sgfr15KsKGr;Vendeur 2427
qD2T8pXdyQH2;Vendeur 2428
y8JZWLCav7Uo;Vendeur 2429
65TjpIR9qU7h;Vendeur 2430
twU0e1pZVbEn;Vendeur 2431
Ca5nxBk8JH5Q;Vendeur 2432
YXmSt6zEy00G;Vendeur 2433
AfrhtybONQw2;Vendeur 2434
EY5XVmdauQ2o;Vendeur 2435
szSd8ymxkoeb;Vendeur 2436
b6LtZHVM3PNT;Vendeur 2437
cDfY0FsBCpCS;Vendeur 2438
iiAyAk4Eot86;Vendeur 2439
hZoKeLyDfoUr;Vendeur 2440
aEG83D3ehVEg;Vendeur 2441
EZxTqzd1oXxA;Vendeur 2442
9XXfwtduOnL6;Vendeur 2443
9mFtbRVSsbmJ;Vendeur 2444
c6bjkibw2GoV;Vendeur 2445
weiBP5RLoBXH;Vendeur 2446
UMoqWe5gDroN;Vendeur 2447
yPmStuEJZ4hs;Vendeur 2448
USOR9rw2TPja;Vendeur 2449
k42uuQTx8nTD;Vendeur 2450
WV3vuEFO6cB0;Vendeur 2451
A0wP6meFaChW;Vendeur 2452
ROvrtSKN89oc;Vendeur 2453
QKUyOlEwWI1l;Vendeur 2454
Y6Q1pyIdkBki;Vendeur 2455
fWvA9nPGQrLu;Vendeur 2456
7hpcKwKFX5Rg;Vendeur 2457
6Gng42ur2tEg;Vendeur 2458
mP7RhjLzBjtk;Vendeur 2459
1T4Kvn885SNP;Vendeur 2460
ulKiQrT3xFCQ;Vendeur 2461
UkoMXv8t9TKP;Vendeur 2462
n01MV1QQdSmh;Vendeur 2463
8zT1TWbZ5I5i;Vendeur 2464
e14V8e66e3V3;Vendeur 2465
TWD6Ne7m1WnX;Vendeur 2466
qozhyRmavVMD;Vendeur 2467
YjE8stHK4BUV;Vendeur 2468
UbOj595s2yLF;Vendeur 2469
AviYgXZUYbrl;Vendeur 2470
3cKyVacxuXai;Vendeur 2471
gmIPTtBlq8uh;Vendeur 2472
a1dKCkXOnFoE;Vendeur 2473
tAGG15NrxyNT;Vendeur 2474
P3oRjrQE0x0F;Vendeur 2475
rRHHw9iitNVY;Vendeur 2476
Ihg5G819aUpr;Vendeur 2477
wUPxKnB938j4;Vendeur 2478
RIwCqY1sedAB;Vendeur 2479
814KSXJaMdJS;Vendeur 2480
N4ZQht0eydWo;Vendeur 2481
nO5oqNbrSk5l;Vendeur 2482
e8aP0M3bseJB;Vendeur 2483
3saCm8JsQUeq;Vendeur 2484
wLt8lnFqP2qV;Vendeur 2485
AuKeTtGuCuLP;Vendeur 2486
Bx0z0bhjZBIs;Vendeur 2487
OayLRwco77Jt;Vendeur 2488
e50fcqQ5UC9Z;Vendeur 2489
WfZkl614S6T4;Vendeur 2490
KEAhUXES84q7;Vendeur 2491
8cJFFEn8OPZg;Vendeur 2492
2jGwpefl7X2W;Vendeur 2493
00IDBo9tDI9Z;Vendeur 2494
fkt1P2AWho6E;Vendeur 2495
D5cQZJg2xRgz;Vendeur 2496
F9fPjFs85KeF;Vendeur 2497
Jlb5dbfSvqst;Vendeur 2498
YCXytzsxHnSA;Vendeur 2499
oqICwZ68qVuV;Vendeur 2500
mQWN7Vd5RNGj;Vendeur 2501
nNYo0b4VXzZE;Vendeur 2502
7RP8PTHePnhT;Vendeur 2503
rf45feO5XHwt;Vendeur 2504
nFPwN63R56Ki;Vendeur 2505
izwnS1Asum9o;Vendeur 2506
0irpsZh24yl6;Vendeur 2507
vDINI8Y1zlgh;Vendeur 2508
esMTkHBEWCLh;Vendeur 2509
vt4igiVYeBgC;Vendeur 2510
izf27VOjNUCv;Vendeur 2511
euvfvScxTOYt;Vendeur 2512
AVVPNyv8S9yP;Vendeur 2513
y9DEFWhp99RD;Vendeur 2514
SjLXPDs3mOR2;Vendeur 2515
m80w3J4i7rZS;Vendeur 2516
8hOwO6tarVZO;Vendeur 2517
A1bkafsF25qy;Vendeur 2518
BqyPFmbF0LUI;Vendeur 2519
BEq2ZY0kpN5I;Vendeur 2520
eOZ1ri6AF9zM;Vendeur 2521
I1b4OQA41L33;Vendeur 2522
JCT2MTtOV7xs;Vendeur 2523
EjKwNgP4NBmt;Vendeur 2524
gO1ibGtU05Va;Vendeur 2525
MGIfghhhXwEE;Vendeur 2526
O3nKXdhA5ao9;Vendeur 2527
Oy8D3TD3a9Vr;Vendeur 2528
ns4ryAdTu1gr;Vendeur 2529
5zddfltaxViQ;Vendeur 2530
tE2K9x95WQNx;Vendeur 2531
vaiiz1dlgZhW;Vendeur 2532
jiZ23QUqwV5L;Vendeur 2533
ggC0S0XKQPQJ;Vendeur 2534
biYjszHSNzLB;Vendeur 2535
1buvip3eJWtW;Vendeur 2536
y0yIyfwRrnqK;Vendeur 2537
cVp90Zw1Snwc;Vendeur 2538
O2cF4043bwT3;Vendeur 2539
MEqGEoPZZhMR;Vendeur 2540
aOLWzyrz9DZc;Vendeur 2541
Rj9xWOhbl3Yx;Vendeur 2542
J8y9utET9jGw;Vendeur 2543
ee86ngqHsJgy;Vendeur 2544
psjaOxNmyyAA;Vendeur 2545
QEwIzd8pOd7H;Vendeur 2546
lildnOeEMFLu;Vendeur 2547
u0nbR1OriQlE;Vendeur 2548
0GEadORWUKUQ;Vendeur 2549
p1afxdFEmOxJ;Vendeur 2550
hbboYEjtK9yK;Vendeur 2551
3ctK1z8sO9xA;Vendeur 2552
AmLYxueiVRqt;Vendeur 2553
AD4exkOXBQSy;Vendeur 2554
HRCOz2wfVHWj;Vendeur 2555
Cmn6QwNABcMn;Vendeur 2556
oYpCMAbNZrIM;Vendeur 2557
LZ8Re0ZMNYCY;Vendeur 2558
ar3AP9VBcPwP;Vendeur 2559
PDG3MIVvn3PL;Vendeur 2560
sRo5HKakE0sR;Vendeur 2561
eAjDUfXlzljL;Vendeur 2562
KA6Rj6NQzYzs;Vendeur 2563
jNBNolVMMhFZ;Vendeur 2564
U6hp7rHhsnDt;Vendeur 2565
1OSRAbsVyl5e;Vendeur 2566
sc6gG9O1GxJ4;Vendeur 2567
rYXv8pduCNg2;Vendeur 2568
3kqqhuP01Lxz;Vendeur 2569
AT0BBr7IvTo6;Vendeur 2570
IPi1WgtryQER;Vendeur 2571
Rp29jGBkKXPA;Vendeur 2572
mcduUwh1UFSj;Vendeur 2573
ciLtETIrV3l5;Vendeur 2574
ALwE5ENWZopP;Vendeur 2575
qGdFLd53k5W7;Vendeur 2576
KfEA5Gxz3seE;Vendeur 2577
cDQzfgkUQjzL;Vendeur 2578
VD1vryMMUh2T;Vendeur 2579
JbYI520IRIw3;Vendeur 2580
g5I2bqYppfrb;Vendeur 2581
bTIuGL6fp4JK;Vendeur 2582
7fospdN0rUQ3;Vendeur 2583
F69RC3KPUTia;Vendeur 2584
MTDr7zh14xz3;Vendeur 2585
pOhNXWOPMKJO;Vendeur 2586
X5UtaQ8k1AQp;Vendeur 2587
bMwv7SBketsw;Vendeur 2588
hRtu43pT74Ke;Vendeur 2589
TQCn5JAFpKgs;Vendeur 2590
Au8YUiy46G4J;Vendeur 2591
fH6lBVVUF1wD;Vendeur 2592
m4LfuiiQscax;Vendeur 2593
CKebxAVNA584;Vendeur 2594
SL02MSHVeypl;Vendeur 2595
jkJQtGkwQHC5;Vendeur 2596
koPxYuON0jBi;Vendeur 2597
WHCTdImrIp0y;Vendeur 2598
ZYWgCgoZ7fiy;Vendeur 2599
ygzh3qi0oSlW;Vendeur 2600
kJvcMhxlidQC;Vendeur 2601
wMBSxAFq71Mj;Vendeur 2602
rPAZeKOLskW6;Vendeur 2603
nThsSwpZKfjz;Vendeur 2604
ybyo9n2cutPG;Vendeur 2605
77RZmaX4locH;Vendeur 2606
4akXJFzLVMhl;Vendeur 2607
cdFSDcrO2vCz;Vendeur 2608
hILGUrNw4RPI;Vendeur 2609
qKAKNHCWTizB;Vendeur 2610
vn0J9eQoW2Qm;Vendeur 2611
o7Ja8b2hyk9K;Vendeur 2612
7PGXWE7JXYra;Vendeur 2613
JLF8mM1eJEXW;Vendeur 2614
ZejllzzWtzzE;Vendeur 2615
wxoTxgIbwKFd;Vendeur 2616
WrZzQmQptKqF;Vendeur 2617
WWjYWUcbiBcu;Vendeur 2618
u6al8Rr2InbX;Vendeur 2619
SZk8twZ2qcP7;Vendeur 2620
FPiz7ROa2565;Vendeur 2621
nUPgFZnYRW8r;Vendeur 2622
4XAK6hB3bCuV;Vendeur 2623
9UTI47BJHoBX;Vendeur 2624
9NzZxy5cTuhe;Vendeur 2625
ScwaavHd7Xqh;Vendeur 2626
67q38x7OSuqQ;Vendeur 2627
mhVh8kCihHpF;Vendeur 2628
JfZNvJfa6QJf;Vendeur 2629
a1A7FxGcJ3Bd;Vendeur 2630
kXyPPO2S6I4J;Vendeur 2631
24tiV8NItrdt;Vendeur 2632
lMk9oqtotpji;Vendeur 2633
bzfcwRPnZzVO;Vendeur 2634
1qdJWMNQDRGS;Vendeur 2635
EzuDoPdRAmk1;Vendeur 2636
SuuvFEMIZBG2;Vendeur 2637
BTW9E71CZgXo;Vendeur 2638
123r3r62xRB8;Vendeur 2639
CLdUyAAtVBpn;Vendeur 2640
lmygmuosFqsx;Vendeur 2641
hcxRPWatbsbY;Vendeur 2642
gYMIyMCrNrft;Vendeur 2643
RzZDlNGfLsEQ;Vendeur 2644
sZWdq6wLSeGq;Vendeur 2645
mm08D8eGRZuC;Vendeur 2646
YLouGSbbwv9t;Vendeur 2647
Piy4549ByrWo;Vendeur 2648
MbjCD2yrE3wy;Vendeur 2649
IwLiohvYBdkw;Vendeur 2650
qR6ZY5L2rr18;Vendeur 2651
D85SkZRRXS4p;Vendeur 2652
fqy45NqCEsmb;Vendeur 2653
ZycQGHJA7xPj;Vendeur 2654
ueM7EuTl5j8H;Vendeur 2655
G7qzyVBE5rbE;Vendeur 2656
VDUegrrRQRPR;Vendeur 2657
aFLwzlMNYqul;Vendeur 2658
DZzDbZQuyIWE;Vendeur 2659
fM0JerupDLdy;Vendeur 2660
vpDStE3CwTrC;Vendeur 2661
Q08JMppYXXaW;Vendeur 2662
T09NdnhntZpB;Vendeur 2663
Hp8bkbmMjDcX;Vendeur 2664
mf4SozEyYXbc;Vendeur 2665
mDK2nQbT0ZSq;Vendeur 2666
ek6SlJvshORA;Vendeur 2667
UhXufNFvPmFo;Vendeur 2668
AtA7lE7F69OX;Vendeur 2669
iqnZ48CFt1rm;Vendeur 2670
2IcU7uvRcWsS;Vendeur 2671
xxZWCgN6Dj1y;Vendeur 2672
YlIRTc1CKpLi;Vendeur 2673
Pqv7UpYqm6IH;Vendeur 2674
ycneHHh7xQYi;Vendeur 2675
4AOIFgKRuIJD;Vendeur 2676
01xUkncqaD55;Vendeur 2677
OVA4xDgnd3ha;Vendeur 2678
jYcwgdqafqE4;Vendeur 2679
Zw1APKHzLGFT;Vendeur 2680
yq8EMZqBaWqB;Vendeur 2681
12KFsMrvF25x;Vendeur 2682
MMLOMUixvvyT;Vendeur 2683
83pK4KmQTMVr;Vendeur 2684
CCXtpNND4xcS;Vendeur 2685
U2yobLst4PzZ;Vendeur 2686
5zc6Bn39myou;Vendeur 2687
kyCSYi9b2Der;Vendeur 2688
qzdy5XbqJM6e;Vendeur 2689
VDOjFzb4FESj;Vendeur 2690
v7G7eofHPEkh;Vendeur 2691
zJ3SwI2mUhDZ;Vendeur 2692
oQ1wUdgbmji9;Vendeur 2693
hkh2v78fW1A9;Vendeur 2694
lbOAF4QPdvPk;Vendeur 2695
CrX0siETSsBR;Vendeur 2696
3fQVgVxbARce;Vendeur 2697
JjRl3TBE0rhu;Vendeur 2698
cTLsjPvVEqsw;Vendeur 2699
0BSAzZYz5osO;Vendeur 2700
3mBSh4wajxrS;Vendeur 2701
cx0z8x6D0GKN;Vendeur 2702
6UHg2uad7UpZ;Vendeur 2703
V5FRjl6ueTID;Vendeur 2704
a7vSWwjjhMCg;Vendeur 2705
opUbe6BHY11g;Vendeur 2706
JnZVO1WBU3ns;Vendeur 2707
9nefQ67FwXIL;Vendeur 2708
oFEwS346DLc0;Vendeur 2709
0cN5BVsfhFQY;Vendeur 2710
AQQ01Kowbe4g;Vendeur 2711
BCUIGyDNp0JL;Vendeur 2712
gRJ4l1GA7J8j;Vendeur 2713
vvOFn1OmHHqU;Vendeur 2714
ORt4M94cbLjB;Vendeur 2715
Ke626yR3oT5B;Vendeur 2716
2WlVV7z7T4jS;Vendeur 2717
gYUsM1u4q0zy;Vendeur 2718
KgmzE1KUim7W;Vendeur 2719
NpwIgU5qC6GV;Vendeur 2720
Aj3EH3zzzJIU;Vendeur 2721
GKDbDJGrpDtg;Vendeur 2722
6FNFxbhqtxrf;Vendeur 2723
YK8mGIasT7vO;Vendeur 2724
kwsn7oZxQHDl;Vendeur 2725
keqfu1Ge3LBw;Vendeur 2726
kskCJELTK4zQ;Vendeur 2727
1lj6EF564kac;Vendeur 2728
ZYmjXZzv1NVS;Vendeur 2729
9kselAy1cMiA;Vendeur 2730
ppowKQUjp1Ke;Vendeur 2731
8orrIjrZbZe0;Vendeur 2732
QC87F923cNsF;Vendeur 2733
tRDH4n4UwxcU;Vendeur 2734
Gr1QDGCaUbIE;Vendeur 2735
Pl7RQA7pIcaA;Vendeur 2736
GVRuCA9gkyyw;Vendeur 2737
I1Bne0JiyVKJ;Vendeur 2738
xQAxpuwfp6tc;Vendeur 2739
VXtrwXu5eUJe;Vendeur 2740
4qcaJHvHiLmg;Vendeur 2741
IA91zDQdLr01;Vendeur 2742
B2HAPKmmkzTW;Vendeur 2743
pngkFjD8kgTJ;Vendeur 2744
5Ar89MgcMBkf;Vendeur 2745
O8qWxjAkfYbf;Vendeur 2746
CAKcJiCMz8yM;Vendeur 2747
MrQ8UfIBTNlW;Vendeur 2748
Wx4e9jj81qJE;Vendeur 2749
qiMZfdlA2vs1;Vendeur 2750
mYcX5QOLSKOg;Vendeur 2751
aAIZTPCyVla8;Vendeur 2752
IjHVuwhXeBDh;Vendeur 2753
hGmjdb3xJkjN;Vendeur 2754
Eya24mkhWME0;Vendeur 2755
03T0IIjAYOer;Vendeur 2756
TXY6uDNVe3pg;Vendeur 2757
JsxIopLrd1Df;Vendeur 2758
k1MONf90WIkp;Vendeur 2759
cg1i1HoJJWle;Vendeur 2760
oHI7DaPFhKAw;Vendeur 2761
ZI774gpSlhNQ;Vendeur 2762
1p280yDQxH7E;Vendeur 2763
xgJBkSgbNk9e;Vendeur 2764
xhjAoDMI3YlD;Vendeur 2765
ucpIkGvvbg6M;Vendeur 2766
yOHHC1UUl2d5;Vendeur 2767
rxe7G9UppRZc;Vendeur 2768
9IoUgm1R8GVz;Vendeur 2769
CQFb4zBrsgxK;Vendeur 2770
GRXR0wVuxpaG;Vendeur 2771
DwnWsL7A9hp0;Vendeur 2772
IplBYqmlfrzQ;Vendeur 2773
XNErNEUpoHxl;Vendeur 2774
5IurHypQKH43;Vendeur 2775
X09rpJftFA7g;Vendeur 2776
6rl1Z71HvArf;Vendeur 2777
JPoLZAUEnbzn;Vendeur 2778
Y6lOfMUGVpVu;Vendeur 2779
93XUvbqbtxPZ;Vendeur 2780
R6AIEqncFTXL;Vendeur 2781
jMqQrEMI8GKe;Vendeur 2782
ckR5gDO6DJrj;Vendeur 2783
ROqZUNZom6Ni;Vendeur 2784
xtc7x0qhzPCh;Vendeur 2785
ivz1W8ihLfnw;Vendeur 2786
zWgNxKMcMKo1;Vendeur 2787
dzTjh3Rd62QN;Vendeur 2788
qTze4vOFfmzB;Vendeur 2789
JHVcaTqfqM3U;Vendeur 2790
S3F7p09OsTQV;Vendeur 2791
VNEKLa5cI3Wt;Vendeur 2792
PpfOYTQYsn3z;Vendeur 2793
8T7T2DtEKOuh;Vendeur 2794
bvvPGnXzAxKt;Vendeur 2795
FkL5jqZ84Vay;Vendeur 2796
XJnyNUcIcRkO;Vendeur 2797
GZbI71nz3SvP;Vendeur 2798
p6uaZ5e1FANv;Vendeur 2799
ya3F1B5M7Tpf;Vendeur 2800
5leZ3OlqdRy6;Vendeur 2801
dkWc2JPAfu1o;Vendeur 2802
yqElpF7m6Phb;Vendeur 2803
3L937egeN4Dj;Vendeur 2804
FIMqIBEoGGce;Vendeur 2805
bGQSS3g7jIX1;Vendeur 2806
NZFkFDJiRJv0;Vendeur 2807
DDYXwuSPABLs;Vendeur 2808
UmfowUG6vQrw;Vendeur 2809
hGqjpJxKuWja;Vendeur 2810
kdO33gZAo5PI;Vendeur 2811
YhEKud90h2fI;Vendeur 2812
UViRytqzct2e;Vendeur 2813
zuFstWTGhU3n;Vendeur 2814
NXo4FEZDA4pH;Vendeur 2815
8pHghm4F9PBX;Vendeur 2816
BJUcVb0qt9GZ;Vendeur 2817
il329eEuQSbI;Vendeur 2818
h0yL1xkpovsZ;Vendeur 2819
kMI8oaCtIZRB;Vendeur 2820
awsPZzmr6kvX;Vendeur 2821
Tk3rc1RErTUR;Vendeur 2822
tmf58wfaqMFm;Vendeur 2823
Oq11qMpimFr9;Vendeur 2824
bkQF0x8JRQ0y;Vendeur 2825
nX83EhtNSh0a;Vendeur 2826
HkJfdolLmnJL;Vendeur 2827
Mw22RF5JtCTs;Vendeur 2828
pGA5oEYOOhyq;Vendeur 2829
TD8Zb4y9ErXH;Vendeur 2830
eGt7PzE8X3X2;Vendeur 2831
ZWGy626RWplE;Vendeur 2832
NAlhlXd8UNQh;Vendeur 2833
a9nadA3y30ry;Vendeur 2834
MsuBUXNlGAMj;Vendeur 2835
MGd7Nzdbe1CL;Vendeur 2836
j7Zsd8twuzTU;Vendeur 2837
19cBoLNj9Z4T;Vendeur 2838
g32j47UpHeVj;Vendeur 2839
Yy8UqAJtNXMw;Vendeur 2840
hsLAHkb0KCPW;Vendeur 2841
FNZkC85TaGfE;Vendeur 2842
s0Y5MdnCNlXm;Vendeur 2843
xbiQedlbCZAY;Vendeur 2844
cI3QJr02aUmP;Vendeur 2845
9QfXWMKyoTrs;Vendeur 2846
vcqRTwnJJRMZ;Vendeur 2847
wHjhi9SzdCYB;Vendeur 2848
RuiuPGVerkAY;Vendeur 2849
KyjiX7SBVtag;Vendeur 2850
RpArfJqUEmTZ;Vendeur 2851
CkyoJQS4LJE8;Vendeur 2852
fu6NV9Mrv1f8;Vendeur 2853
l6ugbkrt8Lza;Vendeur 2854
NavYgezxvvGg;Vendeur 2855
BMPRVDlN6WSO;Vendeur 2856
UWwsuxtykyzK;Vendeur 2857
miXxb4RMr58G;Vendeur 2858
X6ws79GIt3Rb;Vendeur 2859
EVYqSX0VhRMX;Vendeur 2860
pK2Retm8nSG4;Vendeur 2861
BUhf9NIxDiOh;Vendeur 2862
lDalMEPL1Za4;Vendeur 2863
uhu0xMRrqYvM;Vendeur 2864
fJUngvbzTLU1;Vendeur 2865
fP9o7XlZOQlr;Vendeur 2866
Q4Y7IIPXNmdI;Vendeur 2867
DJJi40WZb02B;Vendeur 2868
RmYg5z8PPfA8;Vendeur 2869
wy8WiJxFJw7N;Vendeur 2870
lFqDRLkRHi0D;Vendeur 2871
2f1BJeldifHF;Vendeur 2872
DYRijeiAtmHj;Vendeur 2873
7Uni611l353L;Vendeur 2874
rsKHqjyQ7UQp;Vendeur 2875
J5PRkS9VaKIJ;Vendeur 2876
09F3UWEcH2uN;Vendeur 2877
yIXoma0r4bwS;Vendeur 2878
6JelfdTNhHzl;Vendeur 2879
6xOZQq4o7ck2;Vendeur 2880
dFDkZ9QkSW2L;Vendeur 2881
o5QOel64DoOJ;Vendeur 2882
TDqmU9GM9UMl;Vendeur 2883
Y7WFJYAJKCdZ;Vendeur 2884
ZlYRfxZELJyx;Vendeur 2885
gAeOMBiTVhBE;Vendeur 2886
8mTfEBGGdbWV;Vendeur 2887
uWHU52nxsdur;Vendeur 2888
cSRcVEMcbr59;Vendeur 2889
Jrmo1k1AsHYL;Vendeur 2890
NwTDiW7o0gJp;Vendeur 2891
jnp8z2UQMsWz;Vendeur 2892
MIzIlnILnsCd;Vendeur 2893
VPz6oSfH0yyZ;Vendeur 2894
ALYFhJWatAEO;Vendeur 2895
JqD8eLqFODX6;Vendeur 2896
P3CgKYy8WrjT;Vendeur 2897
kbgVMiGW2l6E;Vendeur 2898
qflTn4ddlutm;Vendeur 2899
5MduszjBwRIc;Vendeur 2900
UtCSg7LYBuaR;Vendeur 2901
ugQvEMgTxpWj;Vendeur 2902
8yrq438tuMz6;Vendeur 2903
qwJGtAo0Y3oY;Vendeur 2904
rLBPy3quD5kO;Vendeur 2905
riEg1QFjfxAK;Vendeur 2906
gbrbp3ZLsM14;Vendeur 2907
9fBfKMiqf7Fj;Vendeur 2908
EWdJ8U1nWcvR;Vendeur 2909
OJktNwadOVAf;Vendeur 2910
6n7p0Bv0s9EF;Vendeur 2911
dBfv8wUASJux;Vendeur 2912
QKhFujoB8zi3;Vendeur 2913
bC6zox8N229x;Vendeur 2914
p0x8d0fkYzZF;Vendeur 2915
mEjsxWqPcOpt;Vendeur 2916
dsTQDLHZzJm2;Vendeur 2917
VljHBqFfpURV;Vendeur 2918
dP2h2C0UtPDn;Vendeur 2919
QSUGZHGVWbSu;Vendeur 2920
GTlQhYWXRnN0;Vendeur 2921
y54r65sBi7Lk;Vendeur 2922
4dTPpvPc2n4n;Vendeur 2923
FKH9ShHl5hRS;Vendeur 2924
2DPBNIZfinVm;Vendeur 2925
NcXsN0TVDLld;Vendeur 2926
WbcUgq3qr5qe;Vendeur 2927
K6yDyz4ENZbi;Vendeur 2928
IogS1BthBTFq;Vendeur 2929
NLudVw0fmtlb;Vendeur 2930
